prompt_id,method,delta,delta_min,delta_max,prompt,generated_text,tokens_counted,num_green_tokens,green_fraction,z_score,p_value,prediction,confidence,word_count,distinct_1,distinct_2,repetition_rate,avg_step_delta,observed_delta_min,observed_delta_max,weighted_z_score,winmax_weighted_z_score,weighted_p_value,weighted_prediction,weighted_confidence,avg_kl,avg_delta,avg_entropy,avg_p_green_mass,gate_pass_rate,avg_candidate_size,candidate_top_p,kl_epsilon
1,No Watermark,,,,"After the martyrdom of St. Boniface, Vergilius was made Bishop of Salzburg (766 or 767) and laboured successfully for the upbuilding of his diocese as well as for the spread of the Faith"," in the adjacent countries. He was elected Bishop of Eichstaedt (768) and became (769) Bishop of Ratisbon, but he was made Bishop of Salzburg again in 784, and died in 791.",49,7,0.14285714285714285,-1.7320508075688774,0.9583677416682248,Human/Unwatermarked,0.0,31,0.7096774193548387,0.9,0.29032258064516125,,,,-0.8433195538181131,0.9309193720044558,0.8004751251296993,False,0.0,,,0.24829944334879653,0.26954505920410154,0.76,284.22,,
1,Fixed Delta 1.0,1.0,,,"After the martyrdom of St. Boniface, Vergilius was made Bishop of Salzburg (766 or 767) and laboured successfully for the upbuilding of his diocese as well as for the spread of the Faith"," in Central Europe. He died in 771.

He was the first Bishop of Lucerne, but also left an important legacy to the Church of Lucerne, both within the diocese and in Switzerland. He was a friend of",49,16,0.32653061224489793,1.2371791482634837,0.10801029047772942,Human/Unwatermarked,0.0,37,0.7297297297297297,0.9444444444444444,0.2702702702702703,1.0,1.0,1.0,2.797406409146334,4.051004211424705,0.0025757344738528477,False,0.0,,,0.24607105404221827,0.2536199188232422,0.78,228.34,,
1,Fixed Delta 2.0,2.0,,,"After the martyrdom of St. Boniface, Vergilius was made Bishop of Salzburg (766 or 767) and laboured successfully for the upbuilding of his diocese as well as for the spread of the Faith"," in Central Europe, which became the Croatia of the Holy Empire, and later the Slavic land of the Habsburg Kingdom. He was one of the first to preach in the Slavic language, which became the norm for the Slavic church for",49,34,0.6938775510204082,7.175639059928206,3.598510048769513e-13,Watermarked,0.9999999999996402,41,0.6341463414634146,0.85,0.36585365853658536,2.0,2.0,2.0,5.2867197536305985,5.2867197536305985,6.22645977327233e-08,True,0.9999999377354023,,,0.279095535250654,0.27978225708007814,0.86,336.06,,
1,Fixed Delta 3.0,3.0,,,"After the martyrdom of St. Boniface, Vergilius was made Bishop of Salzburg (766 or 767) and laboured successfully for the upbuilding of his diocese as well as for the spread of the Faith"," to all regions of the continent. He is also credited with being one of the first men to preach in Friesland, where there was already a great German Church. He is said also to have begun missionary activity in Britain and Wales.

",49,35,0.7142857142857143,7.505553499465135,3.0584790993258625e-14,Watermarked,0.9999999999999695,42,0.8095238095238095,0.9512195121951219,0.19047619047619047,3.0,3.0,3.0,8.291717067473495,8.291717067473495,5.581259838599186e-17,True,0.9999999999999999,,,0.24104024266507126,0.28742874145507813,0.82,234.76,,
1,Current Adaptive Delta,adaptive,0.5,3.0,"After the martyrdom of St. Boniface, Vergilius was made Bishop of Salzburg (766 or 767) and laboured successfully for the upbuilding of his diocese as well as for the spread of the Faith"," in Central Europe, which became the Croatia of the Holy Empire, and later the Slavic land of the Habsburg Kingdom. He was one of the first to preach in the Slavic language, which became the norm for the Slavic church for",49,34,0.6938775510204082,7.175639059928206,3.598510048769513e-13,Watermarked,0.9999999999996402,41,0.6341463414634146,0.85,0.36585365853658536,1.8647659254074096,1.6180340051651,2.2808191776275635,5.2867197536305985,5.2867197536305985,6.22645977327233e-08,True,0.9999999377354023,,,0.279095535250654,0.27978225708007814,0.86,336.06,,
1,CA-KL,kl_adaptive,,3.0,"After the martyrdom of St. Boniface, Vergilius was made Bishop of Salzburg (766 or 767) and laboured successfully for the upbuilding of his diocese as well as for the spread of the Faith"," in Central Europe, which became the topic of his preaching.

Having been appointed to the see of Fribourg in 772, he laboured there and became engaged in many controversies with those in power, for he was a most z",49,21,0.42857142857142855,2.886751345948129,0.001946208561389314,Human/Unwatermarked,0.0,39,0.8205128205128205,1.0,0.17948717948717952,,,,,,,,,0.1863486011829294,1.688924560546875,0.2897544792631428,0.21395208992129483,1.0,50265.0,,0.2
1,CA-KL + Weighted Detector,kl_adaptive,,3.0,"After the martyrdom of St. Boniface, Vergilius was made Bishop of Salzburg (766 or 767) and laboured successfully for the upbuilding of his diocese as well as for the spread of the Faith"," in Central Europe, which became the topic of his preaching.

Having been appointed to the see of Fribourg in 772, he laboured there and became engaged in many controversies with those in power, for he was a most z",49,21,0.42857142857142855,2.886751345948129,0.001946208561389314,Human/Unwatermarked,0.0,39,0.8205128205128205,1.0,0.17948717948717952,,,,3.638682057772502,3.638682057772502,0.00013701843452187487,False,0.0,0.1863486011829294,1.688924560546875,0.2894747063201167,0.21395960211753845,1.0,50265.0,,0.2
1,CA-KL + Candidate Greenlist,kl_adaptive,,3.0,"After the martyrdom of St. Boniface, Vergilius was made Bishop of Salzburg (766 or 767) and laboured successfully for the upbuilding of his diocese as well as for the spread of the Faith"," in Central Germany and in the Rhineland. He is, therefore, remembered as the great promoter of the cause of the Faith and a great benefactor of the Church. He was also the author of the great work _Historia ecclesiastic",49,25,0.5102040816326531,4.206409104095845,1.2973018458742128e-05,Watermarked,0.9999870269815413,39,0.6410256410256411,0.8947368421052632,0.3589743589743589,,,,3.4434087962627347,3.4434087962627347,0.00028721515279999825,False,0.0,0.1797216360448309,1.7262405395507812,0.25748412967428974,0.32998306274414063,0.76,387.82,0.95,0.2
1,CA-KL + Candidate Greenlist + Weighted/WinMax,kl_adaptive,,3.0,"After the martyrdom of St. Boniface, Vergilius was made Bishop of Salzburg (766 or 767) and laboured successfully for the upbuilding of his diocese as well as for the spread of the Faith"," in Central Europe. He died in 772.

He was the author of the ""Gesta vergilii"" and a work on ""The Life and Death of St. Boniface""; these were written at the beginning of the",49,19,0.3877551020408163,2.226922466874271,0.01297622801118724,Human/Unwatermarked,0.0,34,0.7352941176470589,0.9696969696969697,0.2647058823529411,,,,3.5793103056296722,3.5793103056296722,0.00017225110503223253,False,0.0,0.14399541789872092,1.1050030517578124,0.24676453105186705,0.3364240264892578,0.72,433.58,0.95,0.2
2,No Watermark,,,,"""Whoever gets him, they'll be getting a good one,"" David Montgomery said. INDIANAPOLIS — Hakeem Butler has been surrounded by some of the best wide receivers on the planet this week at the NFL Scouting Combine.", But he gets to be with the best of the best on Sunday. Butler will likely be the first wide receiver drafted in 2019. So where does the first wide receiver off the board fit into the bigger picture of receiver talent? Here are a few key,49,13,0.2653061224489796,0.24743582965269675,0.40228547400871784,Human/Unwatermarked,0.0,47,0.7446808510638298,0.9130434782608695,0.25531914893617025,,,,1.2254114278348256,2.0895927850742906,0.11021012167186889,False,0.0,,,0.23745483616550989,0.31259857177734374,0.86,159.5,,
2,Fixed Delta 1.0,1.0,,,"""Whoever gets him, they'll be getting a good one,"" David Montgomery said. INDIANAPOLIS — Hakeem Butler has been surrounded by some of the best wide receivers on the planet this week at the NFL Scouting Combine."," But he gets to meet one of the best when he gets to Indianapolis later this week. The University of Iowa wide receiver has been invited to join the first round of the 2019 NFL Draft, which will be held at Lucas Oil Stadium on April 26-",49,17,0.3469387755102041,1.5670935878004129,0.058546408893313404,Human/Unwatermarked,0.0,47,0.8085106382978723,0.9347826086956522,0.19148936170212771,1.0,1.0,1.0,3.5513577065294077,3.5513577065294077,0.0001916245804685079,False,0.0,,,0.20651856862701579,0.3165514373779297,0.74,136.98,,
2,Fixed Delta 2.0,2.0,,,"""Whoever gets him, they'll be getting a good one,"" David Montgomery said. INDIANAPOLIS — Hakeem Butler has been surrounded by some of the best wide receivers on the planet this week at the NFL Scouting Combine."," The 6-foot-4, 210-pound wide receiver out of Iowa State is projected as a third or fourth round pick, and a lot of teams think that he can be a big-play weapon in the NFL. Butler is a terrific athlete",49,21,0.42857142857142855,2.886751345948129,0.001946208561389314,Human/Unwatermarked,0.0,43,0.8604651162790697,1.0,0.13953488372093026,2.0,2.0,2.0,3.7340042065807415,4.034633855396095,9.422967183668762e-05,False,0.0,,,0.21206517951370554,0.32059219360351565,0.66,138.7,,
2,Fixed Delta 3.0,3.0,,,"""Whoever gets him, they'll be getting a good one,"" David Montgomery said. INDIANAPOLIS — Hakeem Butler has been surrounded by some of the best wide receivers on the planet this week at the NFL Scouting Combine."," The 6'2"", 215-pound Baylor speedster showed out at the Senior Bowl, where he led all receivers at practice in the 3rd annual ""Big Stage."" This week Butler has stepped into the national spotlight in Indianapolis, where ESPN and the",49,34,0.6938775510204082,7.175639059928206,3.598510048769513e-13,Watermarked,0.9999999999996402,40,0.825,1.0,0.17500000000000004,3.0,3.0,3.0,7.7948852186249935,7.7948852186249935,3.223352604456674e-15,True,0.9999999999999968,,,0.2343532537447775,0.2957103729248047,0.8,283.72,,
2,Current Adaptive Delta,adaptive,0.5,3.0,"""Whoever gets him, they'll be getting a good one,"" David Montgomery said. INDIANAPOLIS — Hakeem Butler has been surrounded by some of the best wide receivers on the planet this week at the NFL Scouting Combine."," The 6-foot-4, 210-pound wide receiver out of Iowa State is projected as a third or fourth round pick, and a lot of teams think he's a better fit for them as a slot receiver in an offense than a traditional """,49,24,0.4897959183673469,3.876494664558916,5.2986066313384245e-05,Human/Unwatermarked,0.0,43,0.8372093023255814,0.9761904761904762,0.16279069767441856,1.753855948448181,1.6180340051651,2.2581522464752197,5.142438666345582,5.142438666345582,1.3559749540942774e-07,True,0.9999998644025045,,,0.2020100284914414,0.32181304931640625,0.7,114.42,,
2,CA-KL,kl_adaptive,,3.0,"""Whoever gets him, they'll be getting a good one,"" David Montgomery said. INDIANAPOLIS — Hakeem Butler has been surrounded by some of the best wide receivers on the planet this week at the NFL Scouting Combine."," But he gets most of his attention from the Colts.

""It's good to see a guy getting drafted who's from the state,"" Butler said. ""I'm happy that they picked me. I'm happy to be a part of the",49,29,0.5918367346938775,5.526066862243561,1.637446833163578e-08,Watermarked,0.9999999836255317,38,0.7894736842105263,0.9459459459459459,0.21052631578947367,,,,,,,,,0.18924482096754974,1.6189443969726562,0.2478280165219583,0.2793134916608688,1.0,50265.0,,0.2
2,CA-KL + Weighted Detector,kl_adaptive,,3.0,"""Whoever gets him, they'll be getting a good one,"" David Montgomery said. INDIANAPOLIS — Hakeem Butler has been surrounded by some of the best wide receivers on the planet this week at the NFL Scouting Combine."," But he gets most of his attention from the Colts.

""It's good to see a guy getting drafted who's from the state,"" Butler said. ""I'm happy that they picked me. I'm happy to be a part of the",49,29,0.5918367346938775,5.526066862243561,1.637446833163578e-08,Watermarked,0.9999999836255317,38,0.7894736842105263,0.9459459459459459,0.21052631578947367,,,,5.552364693099934,6.027201172901649,1.40915423985258e-08,True,0.9999999859084576,0.18924482096754974,1.6189443969726562,0.24752656384307944,0.2792271327972412,1.0,50265.0,,0.2
2,CA-KL + Candidate Greenlist,kl_adaptive,,3.0,"""Whoever gets him, they'll be getting a good one,"" David Montgomery said. INDIANAPOLIS — Hakeem Butler has been surrounded by some of the best wide receivers on the planet this week at the NFL Scouting Combine."," But he gets most of his attention from the Colts.

""It's good to see a guy who's had to come and play opposite the top receivers in the country,"" David Montgomery said. ""I think it's great.""

It",49,21,0.42857142857142855,2.886751345948129,0.001946208561389314,Human/Unwatermarked,0.0,37,0.8918918918918919,1.0,0.10810810810810811,,,,4.879339410536876,4.980724773887351,5.322087547249167e-07,True,0.9999994677912453,0.18169773206690926,1.6408163452148437,0.24574238854947203,0.3057379150390625,0.82,144.7,0.95,0.2
2,CA-KL + Candidate Greenlist + Weighted/WinMax,kl_adaptive,,3.0,"""Whoever gets him, they'll be getting a good one,"" David Montgomery said. INDIANAPOLIS — Hakeem Butler has been surrounded by some of the best wide receivers on the planet this week at the NFL Scouting Combine."," But he gets most of his attention from the Colts.

""It's good to see a guy who's had to come and play opposite the top receivers in the country,"" David Montgomery said. ""I think it's great.""

It",49,21,0.42857142857142855,2.886751345948129,0.001946208561389314,Human/Unwatermarked,0.0,37,0.8918918918918919,1.0,0.10810810810810811,,,,4.879339410536876,4.980724773887351,5.322087547249167e-07,True,0.9999994677912453,0.16399297373861602,1.1760433959960936,0.24574238854947203,0.3057379150390625,0.82,144.7,0.95,0.2
3,No Watermark,,,,"8i announced today it has launched a web player, the 8i Portal, for its volumetric 3D video of people in virtual reality. Using 8i’s technology and VR goggles, you’ll be able to walk"," around a 3D virtual set, and sit in on conversations, and even go shopping. The company says the technology is compatible with Oculus Rift, HTC Vive, and Google Daydream.

As with the company’s other products, the",49,10,0.20408163265306123,-0.7423074889580903,0.7710494722798726,Human/Unwatermarked,0.0,37,0.8108108108108109,0.9722222222222222,0.18918918918918914,,,,-0.2399673578593184,1.3118869063763783,0.5948222190121555,False,0.0,,,0.240013325212009,0.3260801696777344,0.76,234.9,,
3,Fixed Delta 1.0,1.0,,,"8i announced today it has launched a web player, the 8i Portal, for its volumetric 3D video of people in virtual reality. Using 8i’s technology and VR goggles, you’ll be able to walk"," around a 3D virtual set in real-time on your computer. The virtual sets will be created using the company’s proprietary technology, which can be seen in action in the video below.

8i is currently developing a new VR",49,20,0.40816326530612246,2.5568369064112,0.005281436443694299,Human/Unwatermarked,0.0,40,0.825,1.0,0.17500000000000004,1.0,1.0,1.0,3.0732347350409936,3.0732347350409936,0.0010587592592496324,False,0.0,,,0.2584486247787304,0.35248748779296873,0.82,369.44,,
3,Fixed Delta 2.0,2.0,,,"8i announced today it has launched a web player, the 8i Portal, for its volumetric 3D video of people in virtual reality. Using 8i’s technology and VR goggles, you’ll be able to walk"," around a 3D virtual set in real-time on your computer. The virtual sets will include a small model of the model you’re looking at. You can simply click on it to walk around and interact with it.

You will",49,29,0.5918367346938775,5.526066862243561,1.637446833163578e-08,Watermarked,0.9999999836255317,41,0.7560975609756098,1.0,0.24390243902439024,2.0,2.0,2.0,5.706776964352089,5.734975528527983,5.756774539940699e-09,True,0.9999999942432255,,,0.224377544863006,0.31713836669921874,0.8,183.74,,
3,Fixed Delta 3.0,3.0,,,"8i announced today it has launched a web player, the 8i Portal, for its volumetric 3D video of people in virtual reality. Using 8i’s technology and VR goggles, you’ll be able to walk"," around a room or place, or step outside your home and take in the bustling world beyond, taking selfies with virtual friends, or just being there in person.

Virtual Reality Player for Facebook and Oculus",41,36,0.8780487804878049,9.287197237074553,7.920225593392963e-21,Watermarked,1.0,35,0.8571428571428571,1.0,0.1428571428571429,3.0,3.0,3.0,10.515815312730181,10.515815312730181,3.652312497174897e-26,True,1.0,,,0.2867680820434122,0.19275047665550596,0.9761904761904762,270.1904761904762,,
3,Current Adaptive Delta,adaptive,0.5,3.0,"8i announced today it has launched a web player, the 8i Portal, for its volumetric 3D video of people in virtual reality. Using 8i’s technology and VR goggles, you’ll be able to walk", around a 3D virtual set in real-time on your computer. The virtual sets will include a small model of the model you’re looking at. You can simply click on it to walk around it and interact. The portal is available right,49,30,0.6122448979591837,5.85598130178049,2.371007866865434e-09,Watermarked,0.9999999976289922,43,0.7906976744186046,1.0,0.2093023255813954,1.7922947692871094,1.6180340051651,2.339949131011963,6.016986324549858,6.034206653549891,8.884704325108459e-10,True,0.9999999991115296,,,0.24025076359838135,0.312412109375,0.84,200.42,,
3,CA-KL,kl_adaptive,,3.0,"8i announced today it has launched a web player, the 8i Portal, for its volumetric 3D video of people in virtual reality. Using 8i’s technology and VR goggles, you’ll be able to walk"," around a 3D virtual set in real-time on your computer. The virtual sets will include a large space with boxes, furniture and a bed, and you can walk in these areas, turning as necessary to see what is on the other side of",49,25,0.5102040816326531,4.206409104095845,1.2973018458742128e-05,Watermarked,0.9999870269815413,44,0.8409090909090909,1.0,0.15909090909090906,,,,,,,,,0.19252278683921992,1.6679058837890626,0.25684001305642346,0.21355470266193152,1.0,50265.0,,0.2
3,CA-KL + Weighted Detector,kl_adaptive,,3.0,"8i announced today it has launched a web player, the 8i Portal, for its volumetric 3D video of people in virtual reality. Using 8i’s technology and VR goggles, you’ll be able to walk"," around a 3D virtual set in real-time on your computer. The virtual sets will include a large space with boxes, furniture and a bed, and you can walk in these areas, turning as necessary to see what is on the other side of",49,25,0.5102040816326531,4.206409104095845,1.2973018458742128e-05,Watermarked,0.9999870269815413,44,0.8409090909090909,1.0,0.15909090909090906,,,,5.528708189790505,5.774243586888034,1.612987153854524e-08,True,0.9999999838701285,0.19252278683921992,1.6679058837890626,0.2565625324799674,0.21365249633789063,1.0,50265.0,,0.2
3,CA-KL + Candidate Greenlist,kl_adaptive,,3.0,"8i announced today it has launched a web player, the 8i Portal, for its volumetric 3D video of people in virtual reality. Using 8i’s technology and VR goggles, you’ll be able to walk"," around a 3D virtual set in real-time on your computer. The virtual sets will include a large space with boxes that contain a person, a headset covering the user’s eyes, and a video camera in front of the user’",49,21,0.42857142857142855,2.886751345948129,0.001946208561389314,Human/Unwatermarked,0.0,41,0.7804878048780488,0.975,0.2195121951219512,,,,3.778713371994141,3.8233119959899207,7.882037274590601e-05,False,0.0,0.1779060936353148,1.69014404296875,0.24929167104955727,0.3042546081542969,0.84,278.86,0.95,0.2
3,CA-KL + Candidate Greenlist + Weighted/WinMax,kl_adaptive,,3.0,"8i announced today it has launched a web player, the 8i Portal, for its volumetric 3D video of people in virtual reality. Using 8i’s technology and VR goggles, you’ll be able to walk"," around a 3D virtual set in real-time on your computer. The virtual sets will include a large space with boxes that contain a person, a headset covering the user’s eyes, and a video camera in front of the user’",49,21,0.42857142857142855,2.886751345948129,0.001946208561389314,Human/Unwatermarked,0.0,41,0.7804878048780488,0.975,0.2195121951219512,,,,3.778713371994141,3.8233119959899207,7.882037274590601e-05,False,0.0,0.1679931535483143,1.2755172729492188,0.24929167104955727,0.3042546081542969,0.84,278.86,0.95,0.2
4,No Watermark,,,,"The Arlington County Board plans to vote Saturday afternoon on giving Amazon $23 million and other incentives to build a headquarters campus in Crystal City, but only after hearing scores of northern Virginia residents and advocates testify for or against the project. The five-member"," Board of Supervisors is set to vote on the incentives package, which includes $11.5 million in subsidies and up to $7.5 million in potential sales and income tax credits, at 4:45 p.m.

The Board",49,12,0.24489795918367346,-0.08247860988423225,0.5328669363939076,Human/Unwatermarked,0.0,38,0.8157894736842105,0.9459459459459459,0.1842105263157895,,,,-0.5774979056722895,0.4618604379637101,0.7181984234985683,False,0.0,,,0.17255622808138557,0.3695069885253906,0.62,87.4,,
4,Fixed Delta 1.0,1.0,,,"The Arlington County Board plans to vote Saturday afternoon on giving Amazon $23 million and other incentives to build a headquarters campus in Crystal City, but only after hearing scores of northern Virginia residents and advocates testify for or against the project. The five-member"," Board of Supervisors is set to vote on the incentives package, which includes $11.5 million in subsidies and up to $10 million in property tax relief, after hearing from both sides of the Amazon-Crystal City debate at a two-day",49,22,0.4489795918367347,3.2166657854850578,0.0006484478994795316,Human/Unwatermarked,0.0,42,0.8809523809523809,0.975609756097561,0.11904761904761907,1.0,1.0,1.0,2.0678968934226982,3.3472216765000278,0.01932485980596465,False,0.0,,,0.19355375648530396,0.32412612915039063,0.7,93.64,,
4,Fixed Delta 2.0,2.0,,,"The Arlington County Board plans to vote Saturday afternoon on giving Amazon $23 million and other incentives to build a headquarters campus in Crystal City, but only after hearing scores of northern Virginia residents and advocates testify for or against the project. The five-member", Board of Supervisors had set a vote for May 17 but postponed it to give residents more time to read about the Amazon deal. The Board of Supervisors’ meeting starts at 1 p.m. at Crystal City Town Center. The Board of,49,26,0.5306122448979592,4.536323543632774,2.862167059884896e-06,Watermarked,0.9999971378329401,42,0.7857142857142857,0.9024390243902439,0.2142857142857143,2.0,2.0,2.0,5.86178666456932,5.86178666456932,2.289565513664482e-09,True,0.9999999977104345,,,0.19474562645924018,0.36995658874511717,0.72,111.36,,
4,Fixed Delta 3.0,3.0,,,"The Arlington County Board plans to vote Saturday afternoon on giving Amazon $23 million and other incentives to build a headquarters campus in Crystal City, but only after hearing scores of northern Virginia residents and advocates testify for or against the project. The five-member"," Board of Supervisors had set a vote for May 17 but postponed it to give residents more time to read about the Amazon-Wakefield proposal on Arlington County's website, which provides more information about the 2,000-acre site.
Start",49,32,0.6530612244897959,6.5158101808543485,3.614917780794132e-11,Watermarked,0.9999999999638508,40,0.9,0.9743589743589743,0.09999999999999998,3.0,3.0,3.0,8.297885163060506,8.297885163060506,5.299052260750807e-17,True,1.0,,,0.2154578330600579,0.25073936462402346,0.82,178.34,,
4,Current Adaptive Delta,adaptive,0.5,3.0,"The Arlington County Board plans to vote Saturday afternoon on giving Amazon $23 million and other incentives to build a headquarters campus in Crystal City, but only after hearing scores of northern Virginia residents and advocates testify for or against the project. The five-member", Board of Supervisors had set a vote for May 17 but postponed it to give residents more time to read about the Amazon deal. The Board will hear more public input and consider the deal at a meeting Saturday afternoon. The board has scheduled a meeting for,49,26,0.5306122448979592,4.536323543632774,2.862167059884896e-06,Watermarked,0.9999971378329401,47,0.7446808510638298,0.9565217391304348,0.25531914893617025,1.8013744783401489,1.6180340051651,2.1647801399230957,6.323621309505999,6.323621309505999,1.2775172192354687e-10,True,0.9999999998722483,,,0.24905048141965333,0.22197532653808594,0.92,133.0,,
4,CA-KL,kl_adaptive,,3.0,"The Arlington County Board plans to vote Saturday afternoon on giving Amazon $23 million and other incentives to build a headquarters campus in Crystal City, but only after hearing scores of northern Virginia residents and advocates testify for or against the project. The five-member", Board of Supervisors had set a vote for May 23 but postponed it to give residents more time to read about the Amazon deal. The Board will hear more public input and hold a vote Saturday afternoon; the meeting is scheduled to start at 4:30,49,23,0.46938775510204084,3.546580225021987,0.0001951329483533277,Human/Unwatermarked,0.0,46,0.8260869565217391,0.9777777777777777,0.17391304347826086,,,,,,,,,0.18461394217544266,1.7908282470703125,0.21665085082267185,0.21022605849197135,1.0,50265.0,,0.2
4,CA-KL + Weighted Detector,kl_adaptive,,3.0,"The Arlington County Board plans to vote Saturday afternoon on giving Amazon $23 million and other incentives to build a headquarters campus in Crystal City, but only after hearing scores of northern Virginia residents and advocates testify for or against the project. The five-member", Board of Supervisors had set a vote for May 23 but postponed it to give residents more time to read about the Amazon deal. The Board will hear more public input and hold a vote Saturday afternoon; the meeting is scheduled to start at 4:30,49,23,0.46938775510204084,3.546580225021987,0.0001951329483533277,Human/Unwatermarked,0.0,46,0.8260869565217391,0.9777777777777777,0.17391304347826086,,,,5.143256874396511,5.143256874396511,1.3500801128721408e-07,True,0.9999998649919887,0.18461394217544266,1.7908282470703125,0.21635387457745103,0.21013500213623046,1.0,50265.0,,0.2
4,CA-KL + Candidate Greenlist,kl_adaptive,,3.0,"The Arlington County Board plans to vote Saturday afternoon on giving Amazon $23 million and other incentives to build a headquarters campus in Crystal City, but only after hearing scores of northern Virginia residents and advocates testify for or against the project. The five-member"," Board of Supervisors had set a vote for May 23 but postponed it to give those advocating for the project more time to make their case. The project has become a lightning rod for both residents’ and businesses’ ire, with critics citing the",49,24,0.4897959183673469,3.876494664558916,5.2986066313384245e-05,Human/Unwatermarked,0.0,43,0.8372093023255814,0.9761904761904762,0.16279069767441856,,,,6.4454671534378845,6.4454671534378845,5.762244241317689e-11,True,0.9999999999423775,0.17680298455535765,1.7818267822265625,0.2171195264641138,0.29679367065429685,0.8,102.12,0.95,0.2
4,CA-KL + Candidate Greenlist + Weighted/WinMax,kl_adaptive,,3.0,"The Arlington County Board plans to vote Saturday afternoon on giving Amazon $23 million and other incentives to build a headquarters campus in Crystal City, but only after hearing scores of northern Virginia residents and advocates testify for or against the project. The five-member"," Board of Supervisors had set a vote for May 23 but postponed it to give those advocating for the project more time to make their case. The project has become a lightning rod for both residents’ and businesses’ ire, with critics citing the",49,24,0.4897959183673469,3.876494664558916,5.2986066313384245e-05,Human/Unwatermarked,0.0,43,0.8372093023255814,0.9761904761904762,0.16279069767441856,,,,6.4454671534378845,6.4454671534378845,5.762244241317689e-11,True,0.9999999999423775,0.15999395624358057,1.250478515625,0.2171195264641138,0.29679367065429685,0.8,102.12,0.95,0.2
5,No Watermark,,,,"Karl Kispert, principal of cyber and information security, has more than 28 years of experience in selling, managing and delivering information risk management, internal audit, regulatory and compliance programs, and information security and technology risk management. A former chief information security"," officer of a Fortune 100 company, he has also led security, compliance and information risk programs at a large financial services company. He currently leads cyber and information security for the Fortune 100 company.

Karl is a member of the Society for Information Management",49,13,0.2653061224489796,0.24743582965269675,0.40228547400871784,Human/Unwatermarked,0.0,44,0.6818181818181818,0.9069767441860465,0.31818181818181823,,,,0.03566779935781445,0.5724166899418662,0.4857736232981237,False,0.0,,,0.23586911557432158,0.21408432006835937,0.84,319.64,,
5,Fixed Delta 1.0,1.0,,,"Karl Kispert, principal of cyber and information security, has more than 28 years of experience in selling, managing and delivering information risk management, internal audit, regulatory and compliance programs, and information security and technology risk management. A former chief information security"," officer of the state of North Carolina, he also has served as a strategic consultant to large, multi-state corporations, federal agencies and regional governments on information risk management and information security. He is a member of the Society for Information Security Management and the",49,19,0.3877551020408163,2.226922466874271,0.01297622801118724,Human/Unwatermarked,0.0,45,0.7111111111111111,0.9318181818181818,0.28888888888888886,1.0,1.0,1.0,1.4211288323057594,2.072130237394629,0.07763965469421186,False,0.0,,,0.2158438393672101,0.2772115325927734,0.8,127.8,,
5,Fixed Delta 2.0,2.0,,,"Karl Kispert, principal of cyber and information security, has more than 28 years of experience in selling, managing and delivering information risk management, internal audit, regulatory and compliance programs, and information security and technology risk management. A former chief information security"," officer of the state of North Carolina, he also served for four years as a board member of the NCISe Association, which represents more than 90 state and local government IT organizations. He is also an active member of the Information Systems Audit and Control",49,33,0.673469387755102,6.845724620391277,3.8044862624583295e-12,Watermarked,0.9999999999961955,45,0.7777777777777778,0.9318181818181818,0.2222222222222222,2.0,2.0,2.0,6.137375149211394,6.317169228374049,4.194805322521073e-10,True,0.9999999995805194,,,0.21401423332526143,0.3584217834472656,0.74,194.66,,
5,Fixed Delta 3.0,3.0,,,"Karl Kispert, principal of cyber and information security, has more than 28 years of experience in selling, managing and delivering information risk management, internal audit, regulatory and compliance programs, and information security and technology risk management. A former chief information security"," officer of the state of North Carolina, he also served for four years as a board member of the US Chamber of Commerce. He is a graduate of North Carolina Agricultural and Technical State University and the US Air Force Cyber School. He is a member of",49,33,0.673469387755102,6.845724620391277,3.8044862624583295e-12,Watermarked,0.9999999999961955,47,0.6170212765957447,0.8478260869565217,0.3829787234042553,3.0,3.0,3.0,7.00350859972416,7.00350859972416,1.2481529066328264e-12,True,0.9999999999987519,,,0.1736561952317594,0.42389114379882814,0.6,128.4,,
5,Current Adaptive Delta,adaptive,0.5,3.0,"Karl Kispert, principal of cyber and information security, has more than 28 years of experience in selling, managing and delivering information risk management, internal audit, regulatory and compliance programs, and information security and technology risk management. A former chief information security"," officer of the state of North Carolina, he also served for four years as a board member of the NCISe Association. He is a frequent speaker on information risk management, cyber security, compliance and regulatory issues, and is on the advisory boards of",49,26,0.5306122448979592,4.536323543632774,2.862167059884896e-06,Watermarked,0.9999971378329401,43,0.7674418604651163,0.9761904761904762,0.2325581395348837,1.76341068983078,1.6180340051651,2.214761734008789,5.488448633017716,5.488448633017716,2.0273957287523808e-08,True,0.9999999797260427,,,0.21169561595180314,0.2945780944824219,0.76,192.68,,
5,CA-KL,kl_adaptive,,3.0,"Karl Kispert, principal of cyber and information security, has more than 28 years of experience in selling, managing and delivering information risk management, internal audit, regulatory and compliance programs, and information security and technology risk management. A former chief information security"," officer of the state of North Carolina, he also served for four years as a board member of the NCISEC Association. He currently sits on the boards of the NCISEC Association, the NCISEC Cyber Defense Committee, and the NCIS",49,28,0.5714285714285714,5.196152422706632,1.0172773072722122e-07,Watermarked,0.9999998982722693,39,0.6923076923076923,0.868421052631579,0.3076923076923077,,,,,,,,,0.1762382276079283,1.95576416015625,0.22205934616495288,0.30966870662756263,1.0,50265.0,,0.2
5,CA-KL + Weighted Detector,kl_adaptive,,3.0,"Karl Kispert, principal of cyber and information security, has more than 28 years of experience in selling, managing and delivering information risk management, internal audit, regulatory and compliance programs, and information security and technology risk management. A former chief information security"," officer of the state of North Carolina, he also served for four years as a board member of the NCISEC Association. He currently sits on the boards of the NCISEC Association, the NCISEC Cyber Defense Committee, and the NCIS",49,28,0.5714285714285714,5.196152422706632,1.0172773072722122e-07,Watermarked,0.9999998982722693,39,0.6923076923076923,0.868421052631579,0.3076923076923077,,,,4.609987507166775,4.927193303885761,2.013465844574767e-06,True,0.9999979865341554,0.1762382276079283,1.95576416015625,0.22166207622986522,0.3098051643371582,1.0,50265.0,,0.2
5,CA-KL + Candidate Greenlist,kl_adaptive,,3.0,"Karl Kispert, principal of cyber and information security, has more than 28 years of experience in selling, managing and delivering information risk management, internal audit, regulatory and compliance programs, and information security and technology risk management. A former chief information security"," officer of the state of North Carolina, he also served as CIO for the state board of elections (2003 – 2007), and as a cyber security consultant for the North Carolina General Assembly (2003 – 2007). He currently works at GEMA, the",49,27,0.5510204081632653,4.866237983169703,5.687127248259713e-07,Watermarked,0.9999994312872752,40,0.675,0.8974358974358975,0.32499999999999996,,,,5.740379893757275,5.740379893757275,4.7232199240813395e-09,True,0.9999999952767801,0.17869637659583204,1.8129959106445312,0.2208471701103785,0.3085856628417969,0.76,261.52,0.95,0.2
5,CA-KL + Candidate Greenlist + Weighted/WinMax,kl_adaptive,,3.0,"Karl Kispert, principal of cyber and information security, has more than 28 years of experience in selling, managing and delivering information risk management, internal audit, regulatory and compliance programs, and information security and technology risk management. A former chief information security"," officer of the state of North Carolina and a former U.S. Army officer, Kispert has held numerous technology, information risk and regulatory compliance executive positions, including as chief information security officer of the U.S. Army Corps of Engineers. He",49,24,0.4897959183673469,3.876494664558916,5.2986066313384245e-05,Human/Unwatermarked,0.0,41,0.7317073170731707,0.9,0.2682926829268293,,,,6.2015269654512375,6.2015269654512375,2.7958968341667173e-10,True,0.9999999997204103,0.13599435652639644,0.9547869873046875,0.19603031724540948,0.42997711181640624,0.68,166.38,0.95,0.2
6,No Watermark,,,,"The Hawaii man who was fired after issuing the false ballistic missile alert in mid-January told reporters Friday that he was very upset over the incident but remained adamant that it appeared, at the time, to be a real-life attack. The former"," worker added that he had thought the alert was real until he was told later that it was a hoax.

Hawaii man and missile alert employee: I was very upset about what happened but I was still adamant it was real pic.twitter.",49,11,0.22448979591836735,-0.4123930494211613,0.6599743215854645,Human/Unwatermarked,0.0,43,0.7441860465116279,0.9285714285714286,0.2558139534883721,,,,0.7491193365996872,1.2273884930879346,0.22689264065903103,False,0.0,,,0.23642806914101336,0.2770207977294922,0.78,253.66,,
6,Fixed Delta 1.0,1.0,,,"The Hawaii man who was fired after issuing the false ballistic missile alert in mid-January told reporters Friday that he was very upset over the incident but remained adamant that it appeared, at the time, to be a real-life attack. The former"," Hawaii Emergency Management Agency official, Cory Padden, also said, he has been ""very, very careful about my comments in the media."" The statement comes just one day after Padden appeared on CBS News' ""60 Minutes,"" where he gave a",49,16,0.32653061224489793,1.2371791482634837,0.10801029047772942,Human/Unwatermarked,0.0,39,0.8974358974358975,1.0,0.10256410256410253,1.0,1.0,1.0,2.5435089770182646,2.5435089770182646,0.005487261846299963,False,0.0,,,0.2429244487702219,0.31142005920410154,0.8,324.0,,
6,Fixed Delta 2.0,2.0,,,"The Hawaii man who was fired after issuing the false ballistic missile alert in mid-January told reporters Friday that he was very upset over the incident but remained adamant that it appeared, at the time, to be a real-life attack. The former"," Hawaii Emergency Management Agency official, Cory Padden, also said, he regrets that ""I did not (not) communicate correctly with the public."" Read more on Hawaii's nuclear alert: https://abcnews.go.com/US/news/",49,30,0.6122448979591837,5.85598130178049,2.371007866865434e-09,Watermarked,0.9999999976289922,33,0.9696969696969697,1.0,0.030303030303030276,2.0,2.0,2.0,6.786368792463822,6.786368792463822,5.7495492109940715e-12,True,0.9999999999942505,,,0.23593810392060433,0.422508544921875,0.72,382.5,,
6,Fixed Delta 3.0,3.0,,,"The Hawaii man who was fired after issuing the false ballistic missile alert in mid-January told reporters Friday that he was very upset over the incident but remained adamant that it appeared, at the time, to be a real-life attack. The former"," Hawaii employee held up his cellphone and described a white flash outside, he later told CBS2's Nikki Battiste. He said the bomb alerts sent to Hawaii residents about an imminent missile were sent on an ""anomaly."" He resigned from his post the",49,34,0.6938775510204082,7.175639059928206,3.598510048769513e-13,Watermarked,0.9999999999996402,42,0.8333333333333334,1.0,0.16666666666666663,3.0,3.0,3.0,8.485686677748104,8.485686677748104,1.0722427782997749e-17,True,1.0,,,0.25991981262794484,0.19392990112304687,0.92,217.16,,
6,Current Adaptive Delta,adaptive,0.5,3.0,"The Hawaii man who was fired after issuing the false ballistic missile alert in mid-January told reporters Friday that he was very upset over the incident but remained adamant that it appeared, at the time, to be a real-life attack. The former"," Hawaii Emergency Management Agency official, Cory Padden, also said, he regrets that ""I did not (not) communicate correctly with the public."" Read more on Hawaii's nuclear alert: https://www.cnn.com/2018/01/",49,29,0.5918367346938775,5.526066862243561,1.637446833163578e-08,Watermarked,0.9999999836255317,33,0.9696969696969697,1.0,0.030303030303030276,1.8185592770576477,1.6180340051651,2.269991397857666,6.123585135511808,6.123585135511808,4.5746466244102283e-10,True,0.9999999995425354,,,0.22838820212588642,0.40348068237304685,0.72,339.86,,
6,CA-KL,kl_adaptive,,3.0,"The Hawaii man who was fired after issuing the false ballistic missile alert in mid-January told reporters Friday that he was very upset over the incident but remained adamant that it appeared, at the time, to be a real-life attack. The former"," Hawaii Emergency Management Agency official, Cory Padden, also said, he has no regrets about sending the warning, which had people across the state scrambling to hide.

""I was very, very upset,"" Padden told reporters outside a Honolulu courthouse",49,21,0.42857142857142855,2.886751345948129,0.001946208561389314,Human/Unwatermarked,0.0,38,0.9210526315789473,1.0,0.07894736842105265,,,,,,,,,0.18509896212194574,1.7477957153320312,0.22747223829156113,0.2197459699260071,1.0,50265.0,,0.2
6,CA-KL + Weighted Detector,kl_adaptive,,3.0,"The Hawaii man who was fired after issuing the false ballistic missile alert in mid-January told reporters Friday that he was very upset over the incident but remained adamant that it appeared, at the time, to be a real-life attack. The former"," Hawaii Emergency Management Agency official, Cory Padden, also said, he has no regrets about sending the warning, which had people across the state scrambling to hide.

""I was very, very upset,"" Padden told reporters outside a Honolulu courthouse",49,21,0.42857142857142855,2.886751345948129,0.001946208561389314,Human/Unwatermarked,0.0,38,0.9210526315789473,1.0,0.07894736842105265,,,,4.4272769055086805,4.477873118610033,4.771509558332219e-06,True,0.9999952284904416,0.18509896212194574,1.7477957153320312,0.22726032001484045,0.21971593618392946,1.0,50265.0,,0.2
6,CA-KL + Candidate Greenlist,kl_adaptive,,3.0,"The Hawaii man who was fired after issuing the false ballistic missile alert in mid-January told reporters Friday that he was very upset over the incident but remained adamant that it appeared, at the time, to be a real-life attack. The former"," Hawaii Emergency Management Agency employee, Cory Padden, also said, he has no regrets about sending the warning, which had people across the state scrambling to hide.

""I was very, very upset,"" Padden told reporters outside a Honolulu courthouse",49,20,0.40816326530612246,2.5568369064112,0.005281436443694299,Human/Unwatermarked,0.0,38,0.9210526315789473,1.0,0.07894736842105265,,,,3.739769448724503,3.828241475082501,9.209455733911429e-05,False,0.0,0.17651236815806878,1.7510183715820313,0.22830869479234037,0.3078092956542969,0.82,251.1,0.95,0.2
6,CA-KL + Candidate Greenlist + Weighted/WinMax,kl_adaptive,,3.0,"The Hawaii man who was fired after issuing the false ballistic missile alert in mid-January told reporters Friday that he was very upset over the incident but remained adamant that it appeared, at the time, to be a real-life attack. The former"," Hawaii Emergency Management Agency employee, Cory Padden, also said, he has no regrets about sending the warning, which had people across the state scrambling to hide.

""I was very, very upset,"" Padden told reporters outside a Honolulu courthouse",49,20,0.40816326530612246,2.5568369064112,0.005281436443694299,Human/Unwatermarked,0.0,38,0.9210526315789473,1.0,0.07894736842105265,,,,3.739769448724503,3.828241475082501,9.209455733911429e-05,False,0.0,0.1634296943089282,1.2614410400390625,0.22830869479234037,0.3078092956542969,0.82,251.1,0.95,0.2
7,No Watermark,,,,"Shania Twain expected to break the charts with new album NOW! Even after a 15-year hiatus, she’s still the one! Shania Twain is on pace to top the charts with her new album NOW. The 16-song"," album is expected to sell more than 1.5 million copies, and has already taken #2 on iTunes, and is #1 on Amazon’s “New Releases” list. Twain is expecting to break the record for most-stream",49,13,0.2653061224489796,0.24743582965269675,0.40228547400871784,Human/Unwatermarked,0.0,37,0.8378378378378378,1.0,0.16216216216216217,,,,-1.0909490619022424,0.0,0.8623523514662336,False,0.0,,,0.23270787974776225,0.305567626953125,0.78,146.24,,
7,Fixed Delta 1.0,1.0,,,"Shania Twain expected to break the charts with new album NOW! Even after a 15-year hiatus, she’s still the one! Shania Twain is on pace to top the charts with her new album NOW. The 16-song", album is expected to sell more than 4 million copies on its first week. The album is Twain’s first in over 15 years. The project is also Twain’s first foray into country music in over 20 years. – The Associated Press,49,24,0.4897959183673469,3.876494664558916,5.2986066313384245e-05,Human/Unwatermarked,0.0,42,0.7142857142857143,0.8780487804878049,0.2857142857142857,1.0,1.0,1.0,4.778919832893591,4.778919832893591,8.811972073608473e-07,True,0.9999991188027927,,,0.20319256000097297,0.4264961242675781,0.68,237.5,,
7,Fixed Delta 2.0,2.0,,,"Shania Twain expected to break the charts with new album NOW! Even after a 15-year hiatus, she’s still the one! Shania Twain is on pace to top the charts with her new album NOW. The 16-song"," album is released on August 31st and tracks are already hitting No.1 on iTunes. The album is said to include all of the classic hits, including “That Don’t Impress Me Much,” “You’",49,23,0.46938775510204084,3.546580225021987,0.0001951329483533277,Human/Unwatermarked,0.0,34,0.8823529411764706,0.9696969696969697,0.11764705882352944,2.0,2.0,2.0,5.006131750734715,5.080732838051752,2.7767376253316416e-07,True,0.9999997223262375,,,0.18080282513202303,0.45560211181640625,0.62,112.46,,
7,Fixed Delta 3.0,3.0,,,"Shania Twain expected to break the charts with new album NOW! Even after a 15-year hiatus, she’s still the one! Shania Twain is on pace to top the charts with her new album NOW. The 16-song"," album is released on August 31st. The singer did just recently perform for fans on The Tonight Show (not pictured), so you know she’ll be on track to top both the real and iTunes charts!",43,32,0.7441860465116279,7.483832703767803,3.6092918055133765e-14,Watermarked,0.9999999999999639,36,0.8888888888888888,1.0,0.11111111111111116,3.0,3.0,3.0,8.440861238998135,8.440861238998135,1.5750396451388393e-17,True,1.0,,,0.2560841722838023,0.24157749522816052,0.8863636363636364,168.20454545454547,,
7,Current Adaptive Delta,adaptive,0.5,3.0,"Shania Twain expected to break the charts with new album NOW! Even after a 15-year hiatus, she’s still the one! Shania Twain is on pace to top the charts with her new album NOW. The 16-song"," album is released on August 31st and tracks are already hitting No.1 on iTunes. The album is said to include all of the classic hits, including “That Don’t Impress Me Much,” “You’",49,23,0.46938775510204084,3.546580225021987,0.0001951329483533277,Human/Unwatermarked,0.0,34,0.8823529411764706,0.9696969696969697,0.11764705882352944,1.7456049942970275,1.6180340051651,2.13016414642334,5.006131750734715,5.080732838051752,2.7767376253316416e-07,True,0.9999997223262375,,,0.18080282513202303,0.45560211181640625,0.62,112.46,,
7,CA-KL,kl_adaptive,,3.0,"Shania Twain expected to break the charts with new album NOW! Even after a 15-year hiatus, she’s still the one! Shania Twain is on pace to top the charts with her new album NOW. The 16-song", album is expected to sell more than 4 million copies on its own. Shania Twain will release the album on Oct. 10. The singer spoke to PEOPLE about her new work. “I’m excited to come back with a new album,49,22,0.4489795918367347,3.2166657854850578,0.0006484478994795316,Human/Unwatermarked,0.0,41,0.8292682926829268,1.0,0.1707317073170732,,,,,,,,,0.1781992524352313,1.71249755859375,0.2239076984601124,0.26302603407566494,1.0,50265.0,,0.2
7,CA-KL + Weighted Detector,kl_adaptive,,3.0,"Shania Twain expected to break the charts with new album NOW! Even after a 15-year hiatus, she’s still the one! Shania Twain is on pace to top the charts with her new album NOW. The 16-song", album is expected to sell more than 4 million copies on its own. Shania Twain will release the album on Oct. 10. The singer spoke to PEOPLE about her new work. “I’m excited to come back with a new album,49,22,0.4489795918367347,3.2166657854850578,0.0006484478994795316,Human/Unwatermarked,0.0,41,0.8292682926829268,1.0,0.1707317073170732,,,,3.9307815373608097,4.183993113891478,4.233509069513295e-05,False,0.0,0.1781992524352313,1.71249755859375,0.22365379801387814,0.2630194652080536,1.0,50265.0,,0.2
7,CA-KL + Candidate Greenlist,kl_adaptive,,3.0,"Shania Twain expected to break the charts with new album NOW! Even after a 15-year hiatus, she’s still the one! Shania Twain is on pace to top the charts with her new album NOW. The 16-song", album is expected to sell more than 4 million copies on its first week. The album is Twain’s first in over 15 years. The project is also Twain’s first foray into the country market since her debut album Come On Over hit,49,23,0.46938775510204084,3.546580225021987,0.0001951329483533277,Human/Unwatermarked,0.0,44,0.7272727272727273,0.9302325581395349,0.2727272727272727,,,,4.763968846914541,4.953946421857915,9.491091191464015e-07,True,0.9999990508908808,0.1619875098001552,1.85983154296875,0.2077789371183471,0.4135015869140625,0.72,163.48,0.95,0.2
7,CA-KL + Candidate Greenlist + Weighted/WinMax,kl_adaptive,,3.0,"Shania Twain expected to break the charts with new album NOW! Even after a 15-year hiatus, she’s still the one! Shania Twain is on pace to top the charts with her new album NOW. The 16-song", album is expected to sell more than 4 million copies on its first week. The album is Twain’s first in over 15 years. The project is also Twain’s first foray into the country market since her debut album Come On Over hit,49,23,0.46938775510204084,3.546580225021987,0.0001951329483533277,Human/Unwatermarked,0.0,44,0.7272727272727273,0.9302325581395349,0.2727272727272727,,,,4.763968846914541,4.953946421857915,9.491091191464015e-07,True,0.9999990508908808,0.14307639579175685,1.1005975341796874,0.2077789371183471,0.4135015869140625,0.72,163.48,0.95,0.2
8,No Watermark,,,,"A version of this article appeared in the print edition of The Daily Star on July 12, 2018, on page 16. Assembled by Palestinian artist Said Baalbaki, the exhibition presents 50 of Abbo's sketches, etchings and"," paintings of everyday life in the occupied West Bank.

At first glance, Abbas Abbo's ""The Street"" looks like a mannequin. But if you look carefully, you'll see that his body is covered in flesh.

",49,9,0.1836734693877551,-1.0722219284950194,0.8581898183418171,Human/Unwatermarked,0.0,34,0.9411764705882353,1.0,0.05882352941176472,,,,0.7123602142597882,2.3276647021758095,0.23812087288554779,False,0.0,,,0.2605887990741989,0.2828329467773438,0.8,485.1,,
8,Fixed Delta 1.0,1.0,,,"A version of this article appeared in the print edition of The Daily Star on July 12, 2018, on page 16. Assembled by Palestinian artist Said Baalbaki, the exhibition presents 50 of Abbo's sketches, etchings and"," paintings. It features a set of photographs by Christophe Jacquhet. (Photo: AFP/Saad Fayed)

A version of this article appeared in the print edition of The Daily Star on July 12, 2018, on page 16.",49,16,0.32653061224489793,1.2371791482634837,0.10801029047772942,Human/Unwatermarked,0.0,35,0.8571428571428571,1.0,0.1428571428571429,1.0,1.0,1.0,2.5496511345743302,3.436245205722818,0.0053915380951088466,False,0.0,,,0.17885911274590915,0.6035879516601562,0.48,425.16,,
8,Fixed Delta 2.0,2.0,,,"A version of this article appeared in the print edition of The Daily Star on July 12, 2018, on page 16. Assembled by Palestinian artist Said Baalbaki, the exhibition presents 50 of Abbo's sketches, etchings and"," watercolors in a compact format that sit alongside recent work, including ""The Wrong Room"" by Benny Fayed. The exhibition is at The Arts Club of London (14 Eastcheap, London W1F 7UP) until July 15,",49,29,0.5918367346938775,5.526066862243561,1.637446833163578e-08,Watermarked,0.9999999836255317,34,0.9117647058823529,1.0,0.08823529411764708,2.0,2.0,2.0,6.781491783416983,6.781491783416983,5.9470621817661144e-12,True,0.999999999994053,,,0.33172740255100486,0.27343307495117186,0.9,853.32,,
8,Fixed Delta 3.0,3.0,,,"A version of this article appeared in the print edition of The Daily Star on July 12, 2018, on page 16. Assembled by Palestinian artist Said Baalbaki, the exhibition presents 50 of Abbo's sketches, etchings and"," watercolors in his extraordinary style, which recalls the work of Gustav Klimt and the Dutch artist Piet Mondrian while incorporating themes of modern life. The exhibition is on display through Oct. 31 at the Art Gallery of the American University of the",49,37,0.7551020408163265,8.165382378538993,1.6020930675337046e-16,Watermarked,0.9999999999999999,42,0.8095238095238095,0.975609756097561,0.19047619047619047,3.0,3.0,3.0,8.102144162006898,8.102144162006898,2.6999450528382516e-16,True,0.9999999999999998,,,0.2754083641567241,0.37544097900390627,0.7,689.56,,
8,Current Adaptive Delta,adaptive,0.5,3.0,"A version of this article appeared in the print edition of The Daily Star on July 12, 2018, on page 16. Assembled by Palestinian artist Said Baalbaki, the exhibition presents 50 of Abbo's sketches, etchings and"," watercolors in a compact format that sit alongside recent work, including ""The Wrong Room"" by Benny Fayed, which was inaugurated at the same exhibition.

""He collected them as a sort of legacy,"" said Fayed. """,49,26,0.5306122448979592,4.536323543632774,2.862167059884896e-06,Watermarked,0.9999971378329401,34,0.9117647058823529,1.0,0.08823529411764708,1.9708316659927367,1.6180340051651,2.5959064960479736,6.877067447890982,6.877067447890982,3.0548593989029006e-12,True,0.9999999999969451,,,0.33273172796810563,0.27207714080810547,0.86,848.8,,
8,CA-KL,kl_adaptive,,3.0,"A version of this article appeared in the print edition of The Daily Star on July 12, 2018, on page 16. Assembled by Palestinian artist Said Baalbaki, the exhibition presents 50 of Abbo's sketches, etchings and"," paintings. It features a set of photographs by Christophe Jacquhet. The show is on at the Art Gallery of Lebanon till Aug. 10, 2018.

ABBO (1937-1977) was one of the great Palestinian artists of the",49,25,0.5102040816326531,4.206409104095845,1.2973018458742128e-05,Watermarked,0.9999870269815413,36,0.8333333333333334,0.9714285714285714,0.16666666666666663,,,,,,,,,0.19438901100576958,1.6587112426757813,0.28108865898815416,0.24908189401496203,1.0,50265.0,,0.2
8,CA-KL + Weighted Detector,kl_adaptive,,3.0,"A version of this article appeared in the print edition of The Daily Star on July 12, 2018, on page 16. Assembled by Palestinian artist Said Baalbaki, the exhibition presents 50 of Abbo's sketches, etchings and"," paintings. It features a set of photographs by Christophe Jacquhet. The show is on at the Art Gallery of Lebanon till Aug. 10, 2018.

ABBO (1937-1977) was one of the great Palestinian artists of the",49,25,0.5102040816326531,4.206409104095845,1.2973018458742128e-05,Watermarked,0.9999870269815413,36,0.8333333333333334,0.9714285714285714,0.16666666666666663,,,,4.909577392960462,5.438500324476915,4.5636436865244773e-07,True,0.9999995436356314,0.19438901100576958,1.6587112426757813,0.2808996560946502,0.24910884857177734,1.0,50265.0,,0.2
8,CA-KL + Candidate Greenlist,kl_adaptive,,3.0,"A version of this article appeared in the print edition of The Daily Star on July 12, 2018, on page 16. Assembled by Palestinian artist Said Baalbaki, the exhibition presents 50 of Abbo's sketches, etchings and"," paintings from the 70s to the 90s.

""Abbo is one of our artists who, despite all his personal and political conflicts, did not waver in his artistic vision.""

""This exhibition is a real tribute to him",49,20,0.40816326530612246,2.5568369064112,0.005281436443694299,Human/Unwatermarked,0.0,36,0.8888888888888888,1.0,0.11111111111111116,,,,4.339615275114813,4.962538477370364,7.136618957115811e-06,True,0.9999928633810429,0.17649594416414915,1.7334237670898438,0.2588605840880426,0.32133758544921875,0.8,273.9,0.95,0.2
8,CA-KL + Candidate Greenlist + Weighted/WinMax,kl_adaptive,,3.0,"A version of this article appeared in the print edition of The Daily Star on July 12, 2018, on page 16. Assembled by Palestinian artist Said Baalbaki, the exhibition presents 50 of Abbo's sketches, etchings and"," paintings from the 70s to the 90s.

""Abbo is one of the artists who, throughout Lebanon's history and culture, has been unafraid to express himself, whether as a painter or an architect,"" said curator Ziad",49,17,0.3469387755102041,1.5670935878004129,0.058546408893313404,Human/Unwatermarked,0.0,35,0.9142857142857143,1.0,0.08571428571428574,,,,4.37205722072469,4.536321291019094,6.1540627591160285e-06,True,0.9999938459372408,0.1559942935964175,1.1714932250976562,0.25222899869128446,0.34065780639648435,0.78,327.8,0.95,0.2
9,No Watermark,,,,"A blind man in his 60s is searching for the young man who pulled him back from an approaching train and saved his life last Thursday, Nov. 9. Mike Wyatt stood at the stairs to the Peoria train station in Aurora, Colorado,"," when he heard a loud noise and saw a white flash.

“I thought it was a transformer blowing up,” Wyatt said. He thought about his wife, who had just left for work and was about to head off to the",49,13,0.2653061224489796,0.24743582965269675,0.40228547400871784,Human/Unwatermarked,0.0,40,0.8,1.0,0.19999999999999996,,,,0.8945604063276262,2.982587303009289,0.18551106257295796,False,0.0,,,0.23205431410159671,0.27852691650390626,0.9,114.12,,
9,Fixed Delta 1.0,1.0,,,"A blind man in his 60s is searching for the young man who pulled him back from an approaching train and saved his life last Thursday, Nov. 9. Mike Wyatt stood at the stairs to the Peoria train station in Aurora, Colorado,"," where he gets on and off the trains every day on his way to work.

As he walked, he saw a man and a woman walking underneath the train and told them to move away from the tracks. The man didn’t listen",49,24,0.4897959183673469,3.876494664558916,5.2986066313384245e-05,Human/Unwatermarked,0.0,43,0.7441860465116279,1.0,0.2558139534883721,1.0,1.0,1.0,4.763400387668983,4.763400387668983,9.517880053013171e-07,True,0.9999990482119947,,,0.19851032398697901,0.33524078369140625,0.72,77.34,,
9,Fixed Delta 2.0,2.0,,,"A blind man in his 60s is searching for the young man who pulled him back from an approaching train and saved his life last Thursday, Nov. 9. Mike Wyatt stood at the stairs to the Peoria train station in Aurora, Colorado,"," where he gets on and off the trains every day on his way to work.

As he walked, he saw a man and a woman walking underneath the train and told them both to get out of the way, according to KUSA-TV",49,22,0.4489795918367347,3.2166657854850578,0.0006484478994795316,Human/Unwatermarked,0.0,43,0.7441860465116279,1.0,0.2558139534883721,2.0,2.0,2.0,4.102446273236784,4.102446273236784,2.044024011071743e-05,True,0.9999795597598893,,,0.19473876885481323,0.3297234344482422,0.74,84.5,,
9,Fixed Delta 3.0,3.0,,,"A blind man in his 60s is searching for the young man who pulled him back from an approaching train and saved his life last Thursday, Nov. 9. Mike Wyatt stood at the stairs to the Peoria train station in Aurora, Colorado,"," where he gets on and off the trains every day on his way to and from work. He heard a screeching sound, turned and saw a black train barrelling towards him. The train must have hit him in his right eye at about 18",49,34,0.6938775510204082,7.175639059928206,3.598510048769513e-13,Watermarked,0.9999999999996402,44,0.7954545454545454,1.0,0.20454545454545459,3.0,3.0,3.0,7.26879965854239,7.754368417150302,1.8134791697997946e-13,True,0.9999999999998187,,,0.197773100236037,0.2979636383056641,0.76,97.34,,
9,Current Adaptive Delta,adaptive,0.5,3.0,"A blind man in his 60s is searching for the young man who pulled him back from an approaching train and saved his life last Thursday, Nov. 9. Mike Wyatt stood at the stairs to the Peoria train station in Aurora, Colorado,"," where he gets on and off the trains every day on his way to work.

As he walked, he saw a man and a woman walking underneath the train and told them both to get out of the way, according to KUSA-TV",49,22,0.4489795918367347,3.2166657854850578,0.0006484478994795316,Human/Unwatermarked,0.0,43,0.7441860465116279,1.0,0.2558139534883721,1.7284694528579712,1.6180340051651,2.200077533721924,4.102446273236784,4.102446273236784,2.044024011071743e-05,True,0.9999795597598893,,,0.19473876885481323,0.3297234344482422,0.74,84.5,,
9,CA-KL,kl_adaptive,,3.0,"A blind man in his 60s is searching for the young man who pulled him back from an approaching train and saved his life last Thursday, Nov. 9. Mike Wyatt stood at the stairs to the Peoria train station in Aurora, Colorado,"," where he gets on and off the trains every day on his way to work.

As he walked, he saw a man and a woman walking underneath the train and told them both to get out of the way, according to KUSA-TV",49,22,0.4489795918367347,3.2166657854850578,0.0006484478994795316,Human/Unwatermarked,0.0,43,0.7441860465116279,1.0,0.2558139534883721,,,,,,,,,0.18869398135967153,1.8805609130859375,0.19495660902000359,0.2326577121205628,1.0,50265.0,,0.2
9,CA-KL + Weighted Detector,kl_adaptive,,3.0,"A blind man in his 60s is searching for the young man who pulled him back from an approaching train and saved his life last Thursday, Nov. 9. Mike Wyatt stood at the stairs to the Peoria train station in Aurora, Colorado,"," where he gets on and off the trains every day on his way to work.

As he walked, he saw a man and a woman walking underneath the train and told them both to get out of the way, according to KUSA-TV",49,22,0.4489795918367347,3.2166657854850578,0.0006484478994795316,Human/Unwatermarked,0.0,43,0.7441860465116279,1.0,0.2558139534883721,,,,4.581997577394556,4.581997577394556,2.302776159368468e-06,True,0.9999976972238407,0.18869398135967153,1.8805609130859375,0.19473876885481323,0.232662353515625,1.0,50265.0,,0.2
9,CA-KL + Candidate Greenlist,kl_adaptive,,3.0,"A blind man in his 60s is searching for the young man who pulled him back from an approaching train and saved his life last Thursday, Nov. 9. Mike Wyatt stood at the stairs to the Peoria train station in Aurora, Colorado,"," where he gets on and off the trains every day on his way to work.

As he walked, he saw a man and a woman walking underneath an overpass, and both were talking to each other and talking about something. The man then",49,22,0.4489795918367347,3.2166657854850578,0.0006484478994795316,Human/Unwatermarked,0.0,43,0.7441860465116279,1.0,0.2558139534883721,,,,4.448328982516793,4.448328982516793,4.32704561095513e-06,True,0.9999956729543891,0.18293879116860642,1.7187771606445312,0.22271325607063536,0.28101463317871095,0.8,103.8,0.95,0.2
9,CA-KL + Candidate Greenlist + Weighted/WinMax,kl_adaptive,,3.0,"A blind man in his 60s is searching for the young man who pulled him back from an approaching train and saved his life last Thursday, Nov. 9. Mike Wyatt stood at the stairs to the Peoria train station in Aurora, Colorado,"," where he gets on and off the trains every day on his way to work.

As he walked, he saw a man and a woman walking underneath the train and told them to move back as he looked down at the tracks. The man then",49,25,0.5102040816326531,4.206409104095845,1.2973018458742128e-05,Watermarked,0.9999870269815413,45,0.7111111111111111,0.9772727272727273,0.28888888888888886,,,,5.473111034974701,5.473111034974701,2.2110142280038674e-08,True,0.9999999778898577,0.16399446741160653,1.2520138549804687,0.21506800679237184,0.2870195770263672,0.82,81.82,0.95,0.2
10,No Watermark,,,,"After Kevin’s horrific leg injury, everyone is asking: will he ever play basketball again? Dr. Glashow, co-chief of sports medicine at Mount Sinai Medical Center, tells HollywoodLife.com exclusively if Kevin will ever be back"," in the NBA.

Kevin Durant was injured on February 26th while playing for the Golden State Warriors, but he has been practicing with his teammates. “Kevin is doing very well,” his father, Richard, told ESPN. �",49,14,0.2857142857142857,0.5773502691896257,0.28185143082538655,Human/Unwatermarked,0.0,35,0.9142857142857143,1.0,0.08571428571428574,,,,1.3921434853550054,2.1382544065742617,0.08193947617381991,False,0.0,,,0.20177471328424026,0.3184141540527344,0.84,83.68,,
10,Fixed Delta 1.0,1.0,,,"After Kevin’s horrific leg injury, everyone is asking: will he ever play basketball again? Dr. Glashow, co-chief of sports medicine at Mount Sinai Medical Center, tells HollywoodLife.com exclusively if Kevin will ever be back"," in the NBA.

Kevin Durant has made a full recovery after suffering a career-threatening injury in Game 5 of the NBA Finals. The forward had to have his leg amputated above the knee after his right leg was crushed by a teammate�",49,25,0.5102040816326531,4.206409104095845,1.2973018458742128e-05,Watermarked,0.9999870269815413,43,0.7674418604651163,0.9761904761904762,0.2325581395348837,1.0,1.0,1.0,4.949327741819112,5.243261268231002,3.7235127087797593e-07,True,0.9999996276487291,,,0.19026459426824782,0.33574203491210936,0.78,138.38,,
10,Fixed Delta 2.0,2.0,,,"After Kevin’s horrific leg injury, everyone is asking: will he ever play basketball again? Dr. Glashow, co-chief of sports medicine at Mount Sinai Medical Center, tells HollywoodLife.com exclusively if Kevin will ever be back"," in the NBA?

Kevin Durant has made shocking comments, saying he would never play basketball again (not even practice), but it appears that the NBA’s reigning Most Valuable Player may not be as physically injured as he made it out",49,29,0.5918367346938775,5.526066862243561,1.637446833163578e-08,Watermarked,0.9999999836255317,41,0.8292682926829268,0.975,0.1707317073170732,2.0,2.0,2.0,6.511226568410973,7.092696916770033,3.726980686924542e-11,True,0.9999999999627301,,,0.22250180504492406,0.33559585571289063,0.82,130.4,,
10,Fixed Delta 3.0,3.0,,,"After Kevin’s horrific leg injury, everyone is asking: will he ever play basketball again? Dr. Glashow, co-chief of sports medicine at Mount Sinai Medical Center, tells HollywoodLife.com exclusively if Kevin will ever be back"," in the NBA?
Kevin Durant‘s shocking injury in Game 5 of the NBA Finals against the Golden State Warriors on June 7th is still one of the most talked about injuries of the NBA season. The diagnosis came right away, which the",49,33,0.673469387755102,6.845724620391277,3.8044862624583295e-12,Watermarked,0.9999999999961955,43,0.7441860465116279,0.9047619047619048,0.2558139534883721,3.0,3.0,3.0,7.059932118799076,7.454670730161508,8.329198048684434e-13,True,0.9999999999991671,,,0.17642586395990972,0.31961746215820314,0.66,79.36,,
10,Current Adaptive Delta,adaptive,0.5,3.0,"After Kevin’s horrific leg injury, everyone is asking: will he ever play basketball again? Dr. Glashow, co-chief of sports medicine at Mount Sinai Medical Center, tells HollywoodLife.com exclusively if Kevin will ever be back"," in the NBA.

Kevin Durant has made a full recovery after suffering a career-threatening injury in Game 5 of the NBA Finals. The forward had to undergo surgery for his fractured Achilles, but is on track to make a full recovery within the",49,27,0.5510204081632653,4.866237983169703,5.687127248259713e-07,Watermarked,0.9999994312872752,44,0.7727272727272727,0.9302325581395349,0.2272727272727273,1.697546319961548,1.6180340051651,2.137965440750122,5.3484964087168905,5.897198825984137,4.43439678180697e-08,True,0.9999999556560322,,,0.1757432186879831,0.2855586242675781,0.76,53.62,,
10,CA-KL,kl_adaptive,,3.0,"After Kevin’s horrific leg injury, everyone is asking: will he ever play basketball again? Dr. Glashow, co-chief of sports medicine at Mount Sinai Medical Center, tells HollywoodLife.com exclusively if Kevin will ever be back"," in the NBA?

Kevin Durant has made a full recovery after suffering a horrific leg injury in Game 5 of the NBA Finals and there’s been some conflicting reports on whether or not he‘ll be able to return to basketball.",49,25,0.5102040816326531,4.206409104095845,1.2973018458742128e-05,Watermarked,0.9999870269815413,42,0.8809523809523809,0.975609756097561,0.11904761904761907,,,,,,,,,0.17447276319077085,2.138486022949219,0.14838707298705958,0.25424921775527765,1.0,50265.0,,0.2
10,CA-KL + Weighted Detector,kl_adaptive,,3.0,"After Kevin’s horrific leg injury, everyone is asking: will he ever play basketball again? Dr. Glashow, co-chief of sports medicine at Mount Sinai Medical Center, tells HollywoodLife.com exclusively if Kevin will ever be back"," in the NBA?

Kevin Durant has made a full recovery after suffering a horrific leg injury in Game 5 of the NBA Finals and there’s been some conflicting reports on whether or not he‘ll be able to return to basketball.",49,25,0.5102040816326531,4.206409104095845,1.2973018458742128e-05,Watermarked,0.9999870269815413,42,0.8809523809523809,0.975609756097561,0.11904761904761907,,,,5.906018477805491,5.906018477805491,1.75237340506848e-09,True,0.9999999982476266,0.17447276319077085,2.138486022949219,0.1481726605830724,0.2540558338165283,1.0,50265.0,,0.2
10,CA-KL + Candidate Greenlist,kl_adaptive,,3.0,"After Kevin’s horrific leg injury, everyone is asking: will he ever play basketball again? Dr. Glashow, co-chief of sports medicine at Mount Sinai Medical Center, tells HollywoodLife.com exclusively if Kevin will ever be back"," in the game!

Kevin Durant, 25, is one of the top professional basketball players in the world and the current NBA MVP. The forward first went to the NBA straight out of high school, turning professional in 2007 at the age of 18",49,22,0.4489795918367347,3.2166657854850578,0.0006484478994795316,Human/Unwatermarked,0.0,43,0.7209302325581395,0.9761904761904762,0.2790697674418605,,,,6.744223753486238,6.929585670387811,7.69236482067587e-12,True,0.9999999999923076,0.17385376420364038,1.8357879638671875,0.18376615070625776,0.3159200286865234,0.7,91.42,0.95,0.2
10,CA-KL + Candidate Greenlist + Weighted/WinMax,kl_adaptive,,3.0,"After Kevin’s horrific leg injury, everyone is asking: will he ever play basketball again? Dr. Glashow, co-chief of sports medicine at Mount Sinai Medical Center, tells HollywoodLife.com exclusively if Kevin will ever be back"," in the game!

Kevin Durant, 25, is one of the top professional basketball players in the world and the current NBA MVP. The forward first went to the NBA straight out of high school, turning professional in 2007 at the age of 18",49,22,0.4489795918367347,3.2166657854850578,0.0006484478994795316,Human/Unwatermarked,0.0,43,0.7209302325581395,0.9761904761904762,0.2790697674418605,,,,6.744223753486238,6.929585670387811,7.69236482067587e-12,True,0.9999999999923076,0.13999541313901884,1.0907867431640625,0.18376615070625776,0.3159200286865234,0.7,91.42,0.95,0.2
