prompt_id,method,delta,delta_min,delta_max,prompt,generated_text,tokens_counted,num_green_tokens,green_fraction,z_score,p_value,prediction,confidence,word_count,distinct_1,distinct_2,repetition_rate,avg_step_delta,observed_delta_min,observed_delta_max
1,No Watermark,,,,Explain how digital watermarking can support responsible use of large language models in education.,"

Research on watermarking and watermarking in digital education has been done in the past (notably, in the MIT Media Lab Research Laboratory’s work on watermarking and watermarking in the U.S. School of the Environment, the Internet of Things, and the Internet’s future), but I have yet to see a concrete data set with any significant reference.

I have been a bit skeptical of this approach, not because I believe the material",99,25,0.25252525252525254,0.058025885318565944,0.4768640048788747,Human/Unwatermarked,0.0,74,0.6486486486486487,0.8904109589041096,0.3513513513513513,,,
1,Fixed Delta 0.5,0.5,,,Explain how digital watermarking can support responsible use of large language models in education.,"

Research on watermarking and watermarking has recently been published in PLOS ONE. The paper describes digital watermarking as a class of language models (e.g., real time image-based watermarking, image-based watermarking, and image-based watermarking) that can be used to support responsible use of large language models (e.g., real time image-based watermarking, image-based watermarking, and image-based water",99,33,0.3333333333333333,1.9148542155126762,0.027755549048935523,Human/Unwatermarked,0.0,63,0.5873015873015873,0.6935483870967742,0.4126984126984127,0.5,0.5,0.5
1,Fixed Delta 1.0,1.0,,,Explain how digital watermarking can support responsible use of large language models in education.,"

Research on watermarking and watermarking has recently been published in PLOS ONE. The researchers show digital watermarking has a big impact on teaching and learning. The large language models that were used in the study were made up of a large number of computer-designed, finite-element models that were created by researchers at the University of Oxford, Cambridge, UK. The study also identified well-known watermarkers, such as watermarking, which are non-invasive",99,50,0.5050505050505051,5.86061441717516,2.305788288019096e-09,Watermarked,0.9999999976942117,74,0.7162162162162162,0.9452054794520548,0.28378378378378377,1.0,1.0,1.0
1,Fixed Delta 2.0,2.0,,,Explain how digital watermarking can support responsible use of large language models in education.," I'm only asking because it seems this might make it harder, and easier to understand.
I think it'd be easier to make a good class by just making the class a bit harder, as it's a bit harder for people to write code themselves. The way this was done, it'd have to be way less stupid than using the current language model, which is just as stupid as saying ""Search the web for an appropriate language.""
""Search the web for an appropriate language"" is",99,64,0.6464646464646465,9.110063995014853,4.116669580158606e-20,Watermarked,1.0,84,0.6071428571428571,0.891566265060241,0.3928571428571429,2.0,2.0,2.0
1,Fixed Delta 3.0,3.0,,,Explain how digital watermarking can support responsible use of large language models in education.," I'm only asking if there can be more effective translations for different languages to help students focus more on educational resources and digital watermarks and where they might be of the most concern (e.g. how important metadata in an object – like word citations or image annotations – works better when they use a full language-model model).

Can we provide a step by step explanation of the benefits of digital watermarking, or something like ""digital watermarking has benefits including making teaching methods and",99,80,0.8080808080808081,12.823720655403074,6.038172947645047e-38,Watermarked,1.0,83,0.7831325301204819,0.975609756097561,0.2168674698795181,3.0,3.0,3.0
1,Adaptive Delta,adaptive,0.5,3.0,Explain how digital watermarking can support responsible use of large language models in education.,"

Research on watermarking has revealed that the use of micro-optimised watermarking (M1) in teaching and learning is often associated with poor quality, poor results, and poor quality in metadata generation. M1 is used to make the boundaries between scores and grammar, which can have poor quality. The study showed that the use of M1 in teaching and learning was associated with poor quality.

The study showed that the use of M1 in teaching and learning was associated",99,56,0.5656565656565656,7.2532356648207434,2.0346556800431047e-13,Watermarked,0.9999999999997965,78,0.48717948717948717,0.6623376623376623,0.5128205128205128,1.2475852984189988,0.5047789216041565,2.0140016078948975
2,No Watermark,,,,Write a short overview of the main cybersecurity risks faced by small businesses adopting cloud services.," For example, if you have a functioning business IT infrastructure, you are likely to face a cyber attack (not all attacks are the same). The big challenge companies have is simply deploying a large number of servers in a small amount of time. But the need for a high level of security, and a tight balance of security and privacy, is much more important than ever.

Collateral damage can be well-documented, and it is a huge challenge for companies to protect their data, employees,",99,20,0.20202020202020202,-1.102491821052753,0.8648760438384763,Human/Unwatermarked,0.0,85,0.7058823529411765,0.9761904761904762,0.2941176470588235,,,
2,Fixed Delta 0.5,0.5,,,Write a short overview of the main cybersecurity risks faced by small businesses adopting cloud services.," For example, if you have a functioning business IT infrastructure, you are likely to face a cyber attack (not all attacks are the same). The big challenge companies have is simply not knowing how to prevent those attacks. To achieve this, they need to make sure that their systems are not compromised, that they are not compromised and that they are not breached.

Set up a dedicated security team and set up a vendor lock-in program.

In order for you to have a good cybersecurity",99,39,0.3939393939393939,3.307475463158259,0.00047070479296677613,Human/Unwatermarked,0.0,86,0.627906976744186,0.9058823529411765,0.37209302325581395,0.5,0.5,0.5
2,Fixed Delta 1.0,1.0,,,Write a short overview of the main cybersecurity risks faced by small businesses adopting cloud services.," For example, if you are a small business that has no data center, you likely have a lot of resources to manage all of your computing resources on one cloud server. This will significantly improve your performance while still serving your customers on your own servers. The cloud services that you offer can offer organizations a very efficient, cost-effective way to keep up with the changing demands of the industry.

Before starting a business, you would first have to understand your potential situation. If you are not familiar",99,43,0.43434343434343436,4.235889628255314,1.138242922895398e-05,Watermarked,0.9999886175707711,89,0.7078651685393258,0.9772727272727273,0.2921348314606742,1.0,1.0,1.0
2,Fixed Delta 2.0,2.0,,,Write a short overview of the main cybersecurity risks faced by small businesses adopting cloud services.," You’ll be able to learn how to eliminate these, and you’ll also learn how to best manage information.

Be sure to include a brief overview of the risks and benefits of the use of cloud-based cybersecurity. You’ll be able to update it to include all the information you need to secure your business in the event of a disaster.

Format your professional and business strategy to include a comprehensive overview of the risks and benefits of the use of the cloud",99,63,0.6363636363636364,8.87796045374059,3.4048719575050004e-19,Watermarked,1.0,85,0.4823529411764706,0.75,0.5176470588235293,2.0,2.0,2.0
2,Fixed Delta 3.0,3.0,,,Write a short overview of the main cybersecurity risks faced by small businesses adopting cloud services.," You'll be able to write a guide to help businesses understand, implement, and fund cloud security. You'll be also able to make your product or service more eco-friendly, or help businesses to make it easier to sell products. If you are a small business that invests heavily in security, you could start writing a guide to help businesses understand, implement, and fund cloud security programs. You'll be well-positioned for an important role to play in securing business data.

Know your",99,77,0.7777777777777778,12.127410031580283,3.7801435720337223e-34,Watermarked,1.0,82,0.6219512195121951,0.8148148148148148,0.3780487804878049,3.0,3.0,3.0
2,Adaptive Delta,adaptive,0.5,3.0,Write a short overview of the main cybersecurity risks faced by small businesses adopting cloud services.," You’ll be able to learn how to eliminate these, and you’ll also gain valuable advice from the experts at Symantec Research.

Some of the most commonly requested questions about cloud services in an interview with Symantec Research include:

Can you offer support services?

Can you offer secure cloud services?

How would you know when a client is gone and what is the next step?

Do you have well-documented documentation of the use",99,52,0.5252525252525253,6.324821499723688,1.2676273926722297e-10,Watermarked,0.9999999998732373,75,0.72,0.918918918918919,0.28,1.1495683652162552,0.5001128911972046,2.0452792644500732
3,No Watermark,,,,Describe three practical ways universities can teach students to identify phishing emails.,"

Research on phishing emails has generally been on the decline. But there are still a lot of ways to get information from them.

Here’s a list of three real-life examples of email phishing – and how you can protect yourself.

There’s a lot to learn about phishing

Phishing emails, or phishing emails with a message in them that looks like it appears to be from a legitimate organization, are often sent to students who",99,26,0.26262626262626265,0.29012942659282975,0.38585861217276185,Human/Unwatermarked,0.0,76,0.7105263157894737,0.9466666666666667,0.2894736842105263,,,
3,Fixed Delta 0.5,0.5,,,Describe three practical ways universities can teach students to identify phishing emails.,"

Research on phishing emails has generally been on the decline. The problem is that it has become harder to prove that the sender has actually sent phishing emails. This means that many people are not expecting these email emails at all. But the problem is that those people who are expecting phishing emails tend to be students who have not been in the classroom, or who have not been in contact with them.

In order to reduce this tendency, universities should not be complacent about this",99,37,0.37373737373737376,2.8432683806097314,0.0022326725999624137,Human/Unwatermarked,0.0,86,0.5930232558139535,0.8941176470588236,0.40697674418604646,0.5,0.5,0.5
3,Fixed Delta 1.0,1.0,,,Describe three practical ways universities can teach students to identify phishing emails.,"

Research on phishing emails has revealed that the majority of phishing emails are not legitimate. (Image: pinterest.com)

Researchers have found that more than half (36%) of the phishing emails sent by universities are fake.

The researchers reported that phishing emails have become a way of bypassing the security of the university system.

Collateral damage and fraud can be caused by phishing emails.

In this situation, the university system may not",99,50,0.5050505050505051,5.86061441717516,2.305788288019096e-09,Watermarked,0.9999999976942117,71,0.647887323943662,0.9,0.352112676056338,1.0,1.0,1.0
3,Fixed Delta 2.0,2.0,,,Describe three practical ways universities can teach students to identify phishing emails.,"

Research has shown that phishing emails are a serious problem. Phishing emails are a scam created by hackers to infect unsuspecting customers with malware and keystrokes. Back in 2013, Michigan State University researchers discovered email security issues with phishing emails. A 2014 study showed that phishing emails were especially common to malware and phishing emails were more common to malicious programs. However, these issues have gone away since then, and it may take some time for phishing emails to appear again.
",99,60,0.6060606060606061,8.181649829917799,1.3999184135288104e-16,Watermarked,0.9999999999999999,81,0.7037037037037037,0.8625,0.2962962962962963,2.0,2.0,2.0
3,Fixed Delta 3.0,3.0,,,Describe three practical ways universities can teach students to identify phishing emails.," Please explain. The email contains phishing emails. How do I send email? The email contains phish email attachments, which are a type of digital communications you typically see online. How do I hide phish email? The email contains phish email attachment attachments, which can be found on the underside of the message. How do I hide phish email attachment attachments from users who are not authorized? The email contains phish email attachment attachments, which can be found on the underside of the message.",99,87,0.8787878787878788,14.448445444322921,1.28203920777024e-47,Watermarked,1.0,83,0.4457831325301205,0.5853658536585366,0.5542168674698795,3.0,3.0,3.0
3,Adaptive Delta,adaptive,0.5,3.0,Describe three practical ways universities can teach students to identify phishing emails.,"

Research on phishing emails has revealed that the majority of phishing emails are not legitimate. The researchers found that while there are a lot of phishing emails out there, most of them are not legitimate and most are not based on genuine information.

Some of the emails, which were sent on different devices, are infected with worms, which can infect your system.

In order to detect the phishing emails, a malware-resistant malware can be used. The researchers found that",99,57,0.5757575757575758,7.4853392060950075,3.5681289972117485e-14,Watermarked,0.9999999999999644,80,0.5875,0.8734177215189873,0.4125,1.239816505908966,0.5081189274787903,1.9310147762298584
4,No Watermark,,,,Summarize the relationship between artificial intelligence governance and data privacy regulation.,"

Research on artificial intelligence governance and privacy regulation has been ongoing since 2007. In this paper, we discuss the implications of the MIT Media Lab Research Initiative’s work on artificial intelligence governance and privacy regulation. We explore the impact of the MIT Media Lab Research Initiative’s work on various privacy issues in Cambridge and Cambridge-area universities, and how the MIT Media Lab research intervention can impact AI governance.

In order to provide an overview of the situation, we first examined the impact",99,36,0.36363636363636365,2.6111648393354674,0.004511719409040163,Human/Unwatermarked,0.0,85,0.5411764705882353,0.75,0.45882352941176474,,,
4,Fixed Delta 0.5,0.5,,,Summarize the relationship between artificial intelligence governance and data privacy regulation.,"

Research on artificial intelligence governance and privacy regulation has been ongoing since 2007. The focus of this paper is to explore why artificial intelligence governance is often perceived to be inherently biased, or at least as biased in favour of artificial intelligence – a topic that has many scientific and political implications. It is also a question of how data privacy regulation should be engaged – particularly when it comes to algorithm intervention, and where AI governance concerns the use of artificial intelligence to improve privacy and security.

This paper will",99,32,0.32323232323232326,1.6827506742384124,0.04621168370527735,Human/Unwatermarked,0.0,89,0.6629213483146067,0.9204545454545454,0.3370786516853933,0.5,0.5,0.5
4,Fixed Delta 1.0,1.0,,,Summarize the relationship between artificial intelligence governance and data privacy regulation.,"

Research on artificial intelligence governance and privacy regulation has been ongoing since 2007. The focus of this journal is on the current state of AI governance and data privacy regulation and the opportunities created by it. The journal is published by the European Union’s Commission on Artificial Intelligence. The most recent report from the Commission on Artificial Intelligence Governance is titled “AI Governance and Data Privacy Regulation and the Potential Impact of the Future of AI Governance.”

Participation of the research",99,37,0.37373737373737376,2.8432683806097314,0.0022326725999624137,Human/Unwatermarked,0.0,82,0.5,0.7654320987654321,0.5,1.0,1.0,1.0
4,Fixed Delta 2.0,2.0,,,Summarize the relationship between artificial intelligence governance and data privacy regulation.,"

Research studies in the area of artificial intelligence on privacy, micro-optimization, privacy governance (not limited to micro-optimization, privacy governance/privacy, etc.), and real-time surveillance and activation for MQTT.

Addressing the question of whether autonomous organizations are in the right way to manage their data.

Addressing the question of whether autonomous organizations are in the right way to manage their data.

In this situation, we will discuss the use",99,66,0.6666666666666666,9.574271077563381,5.1289159954110675e-22,Watermarked,1.0,71,0.5774647887323944,0.7285714285714285,0.4225352112676056,2.0,2.0,2.0
4,Fixed Delta 3.0,3.0,,,Summarize the relationship between artificial intelligence governance and data privacy regulation.," The study presented on Dec. 31 is based on recent developments, mainly in the fields of privacy governance (not limited to internal and external data management) and regulation and management (not limited to real time, or hybrid data management).

Understanding the impact of artificial intelligence on privacy governance, organizations must have a comprehensive understanding of the role and benefits of the software, its features, its underlying governance structure and its underlying governance structure and the strategies to best manage privacy and liability. The study presented on Dec",99,74,0.7474747474747475,11.431099407757491,1.4619162413214889e-30,Watermarked,1.0,87,0.5632183908045977,0.8488372093023255,0.4367816091954023,3.0,3.0,3.0
4,Adaptive Delta,adaptive,0.5,3.0,Summarize the relationship between artificial intelligence governance and data privacy regulation.,"

Research on artificial intelligence governance and privacy regulation has reached its conclusion. The paper, ""Growth, Disruption, and the Future of Research on AI Governance in the Global Context"", relates to the use of artificial intelligence governance. The paper focuses on the current developments in AI governance and privacy regulation. The paper focuses on the current developments in AI governance and privacy regulation.

In this paper, we collect the data of professional researchers and academics, including those from the scientific community, for",99,41,0.41414141414141414,3.7716825457067866,8.107523404471492e-05,Human/Unwatermarked,0.0,81,0.5061728395061729,0.75,0.49382716049382713,1.2267841964960098,0.5106939077377319,2.056093215942383
5,No Watermark,,,,Discuss how network segmentation improves resilience against ransomware attacks.,"

Researching how network segmentation improves resilience against ransomware attacks.

This course will discuss how network segmentation improves resilience against ransomware attacks.

The course will cover both the real and theoretical aspects of network segmentation – how to identify and protect your network against ransomware attacks, and how to protect yourself when you encounter a ransomware attack.

Course content

This course will cover both the real and theoretical aspects of network segmentation – how to identify and protect your network against ransomware",99,28,0.2828282828282828,0.7543365091413573,0.22532359255077888,Human/Unwatermarked,0.0,79,0.4050632911392405,0.5769230769230769,0.5949367088607596,,,
5,Fixed Delta 0.5,0.5,,,Discuss how network segmentation improves resilience against ransomware attacks.,"

Researching how network segmentation improves resilience against ransomware attacks.

This course will discuss how network segmentation improves resilience against ransomware attacks.

The course will cover both types of segments. It is divided into two parts.

The first part begins with a discussion of the various types of segmentation and how it can be used to train and improve network segmentation.

The second part will discuss the use of network segmentation to improve network segmentation.

This",99,33,0.3333333333333333,1.9148542155126762,0.027755549048935523,Human/Unwatermarked,0.0,75,0.5466666666666666,0.8108108108108109,0.45333333333333337,0.5,0.5,0.5
5,Fixed Delta 1.0,1.0,,,Discuss how network segmentation improves resilience against ransomware attacks.,"

Researching network segmentation and how it improves resilience against ransomware attacks.

Researching network segmentation and how it improves resilience against ransomware attacks.

Part 1: The real impact of network segmentation for ransomware attacks.

Objectives

To demonstrate network segmentation among ransomware attacks’ data centers and their related threat vectors.

What are network segmentsation and where can network segmentation be used?

Network segmentation has not been validated for use in",99,41,0.41414141414141414,3.7716825457067866,8.107523404471492e-05,Human/Unwatermarked,0.0,68,0.6029411764705882,0.7611940298507462,0.3970588235294118,1.0,1.0,1.0
5,Fixed Delta 2.0,2.0,,,Discuss how network segmentation improves resilience against ransomware attacks.," How do you assess how network segmentation might improve on your own? What changes do you think are needed to make your network segmentation improve? What do you think are your top three things in order to make network segmentation improve? If you would like to hear more information about network segmentation and ransomware attacks, please visit our Network segmentation guide – https://bit.ly/2w1t6Y",83,53,0.6385542168674698,8.175042831765765,1.4788039461023278e-16,Watermarked,0.9999999999999999,65,0.6307692307692307,0.84375,0.36923076923076925,2.0,2.0,2.0
5,Fixed Delta 3.0,3.0,,,Discuss how network segmentation improves resilience against ransomware attacks.," How do you assess how critical networks are to protect your system, whether you are a business or consumer. How do you assess how important a network class is to protect your system, whether you are a business or consumer. How do you assess how important a network class is to protect your system, whether you are a business or consumer. How do you assess how critical networks are to protect your system, whether you are a business or consumer. How do you assess how important a network class is to protect",99,85,0.8585858585858586,13.984238361774393,9.727420363802437e-45,Watermarked,1.0,92,0.21739130434782608,0.27472527472527475,0.782608695652174,3.0,3.0,3.0
5,Adaptive Delta,adaptive,0.5,3.0,Discuss how network segmentation improves resilience against ransomware attacks.,"

Researching network segmentation and how it improves resilience against ransomware attacks.

Network segmentation is one of the most important processes that a company uses to manage its network. It is a process that is used by a lot of companies to manage their network. A network segmentation strategy can help you to manage and protect your network. A network segmentation strategy can help you to protect your network. A network segmentation strategy can help you to manage and protect your network. A network segment",99,57,0.5757575757575758,7.4853392060950075,3.5681289972117485e-14,Watermarked,0.9999999999999644,84,0.4523809523809524,0.6506024096385542,0.5476190476190477,1.0447672206163405,0.5014904737472534,1.9826655387878418
6,No Watermark,,,,Write a concise introduction to the role of cryptography in modern messaging applications.," For example, use a term like “cryptocurrency,” rather than “crypto,” to describe a computing device that can communicate with and trust a network.

Encrypting encrypted messages is a collaborative process between a client and a server. The client communicates with the server’s server with encryption keys, which contain the keys of a particular network, and encrypts messages based on the encrypted messages.

In this situation, the client is not only",99,25,0.25252525252525254,0.058025885318565944,0.4768640048788747,Human/Unwatermarked,0.0,71,0.6619718309859155,0.9714285714285714,0.3380281690140845,,,
6,Fixed Delta 0.5,0.5,,,Write a concise introduction to the role of cryptography in modern messaging applications.," For example, use a term like “cryptocurrency,” rather than “crypto,” to describe a computing device that can communicate with and trust a network.

Encrypting encrypted messages on a network is a challenge. Encryption can be applied, for example, to a wireless data transmission protocol (e.g., TCP/IP). Encryption can also be applied to an encrypted message. However, this approach is subject to application complexity. Encryption may",99,29,0.29292929292929293,0.9864400504156211,0.1619586099219501,Human/Unwatermarked,0.0,67,0.7164179104477612,0.9393939393939394,0.28358208955223885,0.5,0.5,0.5
6,Fixed Delta 1.0,1.0,,,Write a concise introduction to the role of cryptography in modern messaging applications.," You’ll be able to integrate concepts such as encryption, micro transactions, and transaction privacy with your message.

Wise Start

Create an overview of the message or app you want to send and why. You should then write a full introduction to the features that affect it.

Write a description of the message or app you plan to send. You should then write a full introduction to the message or app.

Read the full introduction to the message or app.
",99,47,0.47474747474747475,5.164303793352369,1.2066773532761895e-07,Watermarked,0.9999998793322646,80,0.5375,0.6962025316455697,0.4625,1.0,1.0,1.0
6,Fixed Delta 2.0,2.0,,,Write a concise introduction to the role of cryptography in modern messaging applications.," You’ll be able to integrate concepts such as cryptography, micro transactions, and transaction privacy with existing approaches to digital security. You’ll also have the opportunity to write a concise, well-designed introduction to cryptography in order to help you learn the boundaries that protect your data, whether you’re running a business or just one person’s personal business.

Format your introduction well. If the introduction is professional and professional, it’s possible that the writer may",99,53,0.5353535353535354,6.556925040997952,2.7464302917418046e-11,Watermarked,0.9999999999725357,79,0.7215189873417721,0.9871794871794872,0.2784810126582279,2.0,2.0,2.0
6,Fixed Delta 3.0,3.0,,,Write a concise introduction to the role of cryptography in modern messaging applications.," You'll be in touch with cryptography and the pros on your team and you'll likely get more questions. You'll also learn how important a cryptography class you are taking. You'll be asked to speak about your experience in dealing with cryptography and the key questions. You'll be assigned a discussion board, where you’ll be asked to provide insight on your field and why you think it’s well-rounded and important. You'll be asked to write for an introduction. You'll be",99,87,0.8787878787878788,14.448445444322921,1.28203920777024e-47,Watermarked,1.0,82,0.6097560975609756,0.8395061728395061,0.3902439024390244,3.0,3.0,3.0
6,Adaptive Delta,adaptive,0.5,3.0,Write a concise introduction to the role of cryptography in modern messaging applications.," You’ll be able to integrate concepts such as cryptography, micro transactions, and transaction privacy with existing approaches to digital security. You’ll also have the opportunity to expand your knowledge in cryptography by introducing practical methods for applying encryption.

Objectives

You’ll be able to learn to implement and implement secure encryption with existing systems. You’ll also have the opportunity to grow your knowledge in cryptography through professional development. You’ll also be able to apply this",99,42,0.42424242424242425,4.003786086981051,3.1168367625803447e-05,Watermarked,0.9999688316323742,79,0.5822784810126582,0.7564102564102564,0.4177215189873418,1.150515079498291,0.5001050233840942,1.9851586818695068
7,No Watermark,,,,Explain why transparent AI system auditing matters for public sector deployment.,"
What are you talking about? I have never seen this, and I am not familiar with this (not even close to the topic).
What do you mean by auditing? It's a standard in many companies. It's a standard for tracking the progress of their systems. It's not a standard for improving standards for the safety of their systems.
So, you're saying that they can't automate the monitoring of their systems, and that it's possible for them to automate the monitoring",99,23,0.23232323232323232,-0.4061811972299616,0.6576952657166102,Human/Unwatermarked,0.0,80,0.6125,0.8734177215189873,0.38749999999999996,,,
7,Fixed Delta 0.5,0.5,,,Explain why transparent AI system auditing matters for public sector deployment.,"
What are your thoughts on the topic?",9,3,0.3333333333333333,0.5773502691896257,0.28185143082538655,Human/Unwatermarked,0.0,7,1.0,1.0,0.0,0.5,0.5,0.5
7,Fixed Delta 1.0,1.0,,,Explain why transparent AI system auditing matters for public sector deployment.,"
Because it would be more effective and more transparent for public sector.  Doing transparent AI should solve (not solving) all the issues that I'm having.
I agree 100%. It would be easier to scale and scale at scale. But the need of the hour is not there, and there isn't a way to do it efficiently. A lot of public sector technology is based on poor quality AI.",82,32,0.3902439024390244,2.932852880091356,0.001679315011758196,Human/Unwatermarked,0.0,68,0.6911764705882353,0.9552238805970149,0.3088235294117647,1.0,1.0,1.0
7,Fixed Delta 2.0,2.0,,,Explain why transparent AI system auditing matters for public sector deployment.," I'm only asking because it seems that more government departments are now seeing the need of improving their systems (not necessarily the ones that don't want to do it).

Second... why does it matter what is auditing? What is the purpose of the audit, and why does it matter? What is the purpose of the audit, and why does it matter?What is the purpose of the audit, and why does it matter?

""In this situation, we are now in an",99,59,0.5959595959595959,7.949546288643535,9.359791413521555e-16,Watermarked,0.9999999999999991,81,0.5061728395061729,0.6375,0.49382716049382713,2.0,2.0,2.0
7,Fixed Delta 3.0,3.0,,,Explain why transparent AI system auditing matters for public sector deployment.," I'm only asking if there was anything better available on the market.

Not sure, but you said public sector, which means not private sector, which means not government (which, yes, is still private sector). I'm confused about the first point. I can't recall any ""public sector"" that was not government-allocated. I don't want to make it sound like government is well-spent, or that the current system was not well-spent, because it",99,80,0.8080808080808081,12.823720655403074,6.038172947645047e-38,Watermarked,1.0,74,0.6621621621621622,0.8904109589041096,0.33783783783783783,3.0,3.0,3.0
7,Adaptive Delta,adaptive,0.5,3.0,Explain why transparent AI system auditing matters for public sector deployment.,"
Because it would be more effective and more transparent for public sector.  We're not saying this is a problem, we are just stating that the key issue is most of the public sector is transparent.",41,18,0.43902439024390244,2.79517586746904,0.0025935744279646763,Human/Unwatermarked,0.0,35,0.8,0.9705882352941176,0.19999999999999996,1.3429101435911088,0.6729333400726318,1.889260172843933
8,No Watermark,,,,Provide a short comparison between biometric authentication and password-based authentication.," For example, in a biometric authentication system, a user, whether authenticated by biometric or password (not authenticated by biometric and password, biometric or password), can send or receive a password.",41,10,0.24390243902439024,-0.09016696346674323,0.5359227316525544,Human/Unwatermarked,0.0,30,0.6,0.8620689655172413,0.4,,,
8,Fixed Delta 0.5,0.5,,,Provide a short comparison between biometric authentication and password-based authentication.," For example, in a biometric authentication system, a user, whether authenticated by biometric or password (not authenticated by biometric and password), biometric authentication is carried out by biometric or password authentication in a biometric authentication system.

FIG. 1 shows a conventional biometric authentication system. As shown in FIG. 1, biometric authentication system 1 includes a biometric authentication device (not shown) and a password authentication device (not shown). For example, as shown in FIG.",99,25,0.25252525252525254,0.058025885318565944,0.4768640048788747,Human/Unwatermarked,0.0,73,0.3561643835616438,0.6527777777777778,0.6438356164383562,0.5,0.5,0.5
8,Fixed Delta 1.0,1.0,,,Provide a short comparison between biometric authentication and password-based authentication.," For example, in a biometric authentication system, a user, whether authenticated by a user or by a third party, generates a predetermined computing device to store a user's biometric biometric biometric authentication data. The biometric biometric biometric authentication data is inputted into a device to perform authentication on a specified data. A user inputting the data into a device to perform authentication on a specified data may collect the data. However, the user may need to input data into a device to",99,49,0.494949494949495,5.628510875900897,9.088602153646789e-09,Watermarked,0.9999999909113978,82,0.4268292682926829,0.7037037037037037,0.5731707317073171,1.0,1.0,1.0
8,Fixed Delta 2.0,2.0,,,Provide a short comparison between biometric authentication and password-based authentication.," If you are not sure, or have doubts, reach out to your SPF advisor. The SPF advisor will help you create a customized password and key/pending verification (e.g. TAG-P) for your account. Once the key/pending verification is complete, use your SPF’s PIN to authenticate yourself. If your SPF advisor does not have your SPF’s PIN or password, use a password manager or application (e.g.",99,65,0.6565656565656566,9.342167536289118,4.719090681074502e-21,Watermarked,1.0,71,0.5915492957746479,0.8571428571428571,0.4084507042253521,2.0,2.0,2.0
8,Fixed Delta 3.0,3.0,,,Provide a short comparison between biometric authentication and password-based authentication.," If this only supports basic biometric and password-based authentication, micro transactions would not be supported by a lot of folks. If this only supports basic biometric and password-based authentication, micro transactions would not be supported by a lot of folks. The implications of this approach could be profound. The researchers found that micro transactions and secure token issuance would not be possible if only data-oriented authentication was used. A more flexible authentication mechanism would be possible. The researchers found that the convenience of the use",99,74,0.7474747474747475,11.431099407757491,1.4619162413214889e-30,Watermarked,1.0,88,0.4772727272727273,0.6896551724137931,0.5227272727272727,3.0,3.0,3.0
8,Adaptive Delta,adaptive,0.5,3.0,Provide a short comparison between biometric authentication and password-based authentication.," For example, would a biometric authentication have to be used to access the website of the company? (e.g. using a fingerprint scanner)

Alternately, would biometric authentication be used to access the website of the company? (e.g. using a fingerprint scanner)

Two-way authentication

Bias in authentication is based on a data-oriented approach (e.g., the use of a fingerprint sensor). In this situation, we can say that bi",99,56,0.5656565656565656,7.2532356648207434,2.0346556800431047e-13,Watermarked,0.9999999999997965,71,0.5633802816901409,0.7571428571428571,0.43661971830985913,1.1590070629119873,0.5002326369285583,1.9937090873718262
9,No Watermark,,,,Describe the security benefits and trade-offs of multi-factor authentication for remote workers.,"

Researching how to implement multi-factor authentication for remote workers has been challenging. The research team at the University of California, Berkeley, conducted a systematic review of more than 1,000 research studies in the past year on the use of multi-factor authentication to manage remote workers, organizations, and staff’s access to data. The study included 1,129 remote workers with a total of 1,531 remote workers with a total of 2,812 remote workers with a total",99,30,0.30303030303030304,1.2185435916898848,0.11150873497330749,Human/Unwatermarked,0.0,81,0.6172839506172839,0.8375,0.3827160493827161,,,
9,Fixed Delta 0.5,0.5,,,Describe the security benefits and trade-offs of multi-factor authentication for remote workers.,"

Researching how to implement multi-factor authentication for remote workers has been challenging. The research team at the University of California, Berkeley, collaborated with companies such as Microsoft, RSA, and Huawei to develop a multi-factor authentication solution.

They implemented a series of test-and-ready devices to implement multi-factor authentication across multiple users.

What are the top benefits and trade-offs of the multi-factor authentication approach?

Dealing with multiple users at once",99,24,0.24242424242424243,-0.17407765595569785,0.5690977834754946,Human/Unwatermarked,0.0,75,0.68,0.8783783783783784,0.31999999999999995,0.5,0.5,0.5
9,Fixed Delta 1.0,1.0,,,Describe the security benefits and trade-offs of multi-factor authentication for remote workers.,"

Researching the benefits and trade-offs of multi-factor authentication for remote workers, including the advantages and disadvantages of multi-factor authentication, has become a lot more complicated over the past few years. The benefits of multi-factor authentication are a lot more complicated than they might seem, because they tend to involve data being compromised.

Multi-factor authentication (MFA) is a secure method of authentication, which is a system of authentication that is well-known. The methods used",99,46,0.46464646464646464,4.932200252078106,4.0654247701977057e-07,Watermarked,0.999999593457523,79,0.620253164556962,0.8205128205128205,0.379746835443038,1.0,1.0,1.0
9,Fixed Delta 2.0,2.0,,,Describe the security benefits and trade-offs of multi-factor authentication for remote workers.,"

Researching the benefits of multi-factor authentication for remote workers.

Using a secure and non-widespread authentication mechanism to authenticate key/value pairs, teams or groups of staff with multiple users will find that they no longer have to make decisions with their knowledge. It reduces costly security risks, reduces data loss and increases efficiency in authentication.

Use of a secure and non-widespread authentication mechanism in order to authenticate key/value pairs, teams or groups of staff",99,63,0.6363636363636364,8.87796045374059,3.4048719575050004e-19,Watermarked,1.0,78,0.6666666666666666,0.8051948051948052,0.33333333333333337,2.0,2.0,2.0
9,Fixed Delta 3.0,3.0,,,Describe the security benefits and trade-offs of multi-factor authentication for remote workers.," How?

The benefits of single-factor authentication include:

Reduction in security risks – This is also an important part of the current system. A user simply enters their email, or phone number or email address at zero. Once the authentication is completed, their email, or phone number or email address is removed from the site. A user may also have to enter their PIN number or password at zero. A user may also have to enter their email, or phone number or password at",99,80,0.8080808080808081,12.823720655403074,6.038172947645047e-38,Watermarked,1.0,83,0.5180722891566265,0.7073170731707317,0.4819277108433735,3.0,3.0,3.0
9,Adaptive Delta,adaptive,0.5,3.0,Describe the security benefits and trade-offs of multi-factor authentication for remote workers.,"

Researching the benefits and trade-offs of multi-factor authentication for remote workers.

Interpreting the value and risk assessments in these situations.

Providing customer support with customer assistance and activation for remote workers.

Objectives and limitations of the current system.

Design, evaluation and design-testing of the current system.

Features

Format and reference

Wide range of support strategies, strategies and tools for remote worker authentication.

Wide",99,54,0.5454545454545454,6.789028582272215,5.6445538431059e-12,Watermarked,0.9999999999943554,66,0.6212121212121212,0.9076923076923077,0.3787878787878788,1.1503932929039002,0.5010573863983154,2.0004420280456543
10,No Watermark,,,,Write a paragraph about how machine learning can help detect anomalous network traffic.," For example, if you set a topic to ""How can we reduce the frequency of blacklists by automating our processes?"" or ""How can we reduce the frequency of blacklists by automating our processes in AWS?""

""We've learned that many services that are connected to a network are dependent on a way of knowing what the wall is going to look like,"" said Christopher Pellegrini, a vendor development manager at AWS.

In this situation, we could use machine learning",99,21,0.21212121212121213,-0.8703882797784892,0.807955875263074,Human/Unwatermarked,0.0,78,0.6923076923076923,0.8571428571428571,0.3076923076923077,,,
10,Fixed Delta 0.5,0.5,,,Write a paragraph about how machine learning can help detect anomalous network traffic.," For example, if you set up an artificial intelligence network that, when connected to a machine, learns (notifies) that the network has been compromised, it will send a message that it is aware of the network's attack.

Host the data on your server. For example, if you have a hosted repository of your data on your server, you might want to create a web-based web portal that contains all of the data collected by this system. This application could include all of this",99,28,0.2828282828282828,0.7543365091413573,0.22532359255077888,Human/Unwatermarked,0.0,84,0.6428571428571429,0.891566265060241,0.3571428571428571,0.5,0.5,0.5
10,Fixed Delta 1.0,1.0,,,Write a paragraph about how machine learning can help detect anomalous network traffic.," If you are not sure, then I would suggest a video, and maybe a short thought about the possible reasons why the network is being attacked.

I've made some pretty good progress in this. I'm currently working on a book about the impact of machine learning. If you are interested in hearing more about my work, you can check out the rest of the book.

In this episode, I collect the thoughts of a guy who's been working on a project for years.
",99,43,0.43434343434343436,4.235889628255314,1.138242922895398e-05,Watermarked,0.9999886175707711,83,0.7108433734939759,0.926829268292683,0.28915662650602414,1.0,1.0,1.0
10,Fixed Delta 2.0,2.0,,,Write a paragraph about how machine learning can help detect anomalous network traffic.," If you are not sure, use the ""it"" command, and you should be good to go (not very helpful if you are a student)
I was looking for this. I just don't want to email a lot of traffic because it's a bit tedious. I'm not trying to send it to friends and family but it's annoying so I don't want it to come from the web.",82,52,0.6341463414634146,8.033466584598061,4.737823582179767e-16,Watermarked,0.9999999999999996,67,0.6865671641791045,0.9393939393939394,0.31343283582089554,2.0,2.0,2.0
10,Fixed Delta 3.0,3.0,,,Write a paragraph about how machine learning can help detect anomalous network traffic.," If this gets your message, add that your message does contain a micro-optimization. The code shown above is also the result of a micro-optimization. The code shown above is also the result of a micro-optimization. The code shown above is also the result of a micro-optimization. The data shows that the anomaly is likely to occur to one of the top three network protocols. If this happens in an appropriate network protocol, it may well result in an error signal being",99,86,0.8686868686868687,14.216341903048656,3.627366397575512e-46,Watermarked,1.0,85,0.49411764705882355,0.6428571428571429,0.5058823529411764,3.0,3.0,3.0
10,Adaptive Delta,adaptive,0.5,3.0,Write a paragraph about how machine learning can help detect anomalous network traffic.," If you are not sure, then try to make it your own.

Not sure, but you said you had to create a bot for the first time. I can't see why you would not be able to. I have a lot of experience with botnet.

I was trying to start a botnet with some friends, so I created a botnet.

We can't really automate the development of the botnet. We need to make it real. I'm not",99,56,0.5656565656565656,7.2532356648207434,2.0346556800431047e-13,Watermarked,0.9999999999997965,77,0.6363636363636364,0.9342105263157895,0.36363636363636365,1.350541290640831,0.508934736251831,2.0356884002685547
11,No Watermark,,,,Explain the importance of security awareness training in preventing social engineering attacks.,"

Researching basic knowledge about security awareness training on security, and the need to focus on this (not to mention the value and risk of the training) is crucial in understanding what risks are bigger than the security of an organization – and what the impact of these risks are.

The most important aspects to consider in understanding what risks are bigger than the security of an organization are:

• The potential impact of the risk on a person’s well-being.

•",99,34,0.3434343434343434,2.1469577567869402,0.01589832240819098,Human/Unwatermarked,0.0,79,0.5316455696202531,0.8076923076923077,0.4683544303797469,,,
11,Fixed Delta 0.5,0.5,,,Explain the importance of security awareness training in preventing social engineering attacks.,"

Researching basic knowledge in security awareness training on security, and the need to focus on this (not to mention why the Internet is so big and important to us, and what it is to be a security expert).

The importance of cybersecurity awareness training on security, including, but not limited to, the need to secure the communication, the data, and the data that makes up the web.",82,28,0.34146341463414637,1.9127301391900149,0.027891304353422065,Human/Unwatermarked,0.0,67,0.6119402985074627,0.8939393939393939,0.3880597014925373,0.5,0.5,0.5
11,Fixed Delta 1.0,1.0,,,Explain the importance of security awareness training in preventing social engineering attacks.,"

Researching basic knowledge in security awareness training on security, and the development of effective cyber security strategies, is also an important and highly sought-after educational resource. This will help students in preparing for the Cyber Security Awareness course and will help them in the preparation of their knowledge. It will also help them to understand and deal with the concepts, concepts, and policies of the Cyber Security Awareness course in order to avoid the mass damage of these strategies. The course has approximately 15 sessions, covering various",99,38,0.3838383838383838,3.075371921883995,0.0010512010198350896,Human/Unwatermarked,0.0,88,0.5909090909090909,0.9080459770114943,0.40909090909090906,1.0,1.0,1.0
11,Fixed Delta 2.0,2.0,,,Explain the importance of security awareness training in preventing social engineering attacks.," If you are not 100% certain about your Internet connection, use a third-party VPN to keep your personal data safe. If you do not trust someone who is using an encrypted or random Internet connection, use a third-party VPN to keep your personal data safe. If you are not 100%, certain details about your Internet connection may not be in order. You may also have difficulty accessing or downloading websites. You may also have difficulty accessing or downloading websites, including social engineering websites. You may not",99,74,0.7474747474747475,11.431099407757491,1.4619162413214889e-30,Watermarked,1.0,88,0.5,0.6206896551724138,0.5,2.0,2.0,2.0
11,Fixed Delta 3.0,3.0,,,Explain the importance of security awareness training in preventing social engineering attacks.," If this only applies to one type of attacker we need to make sure it does not happen again. (not necessarily the other)

9) The idea of having more security is simply not sustainable. If businesses fail to provide proper information about the risks, people are unable to form strong, well-connected links to their customers and businesses. A lack of awareness would not be sustainable as it would not prevent a repeat of the attacks. The idea of creating a culture of awareness would not be sustainable",99,82,0.8282828282828283,13.287927737951602,1.3600371213536468e-40,Watermarked,1.0,88,0.6590909090909091,0.9080459770114943,0.34090909090909094,3.0,3.0,3.0
11,Adaptive Delta,adaptive,0.5,3.0,Explain the importance of security awareness training in preventing social engineering attacks.,"

Researching basic knowledge in security awareness training has led to several initiatives such as conducting research on Internet penetration testing, establishment of and monitoring cyber security programs, and training in cyber security within the framework of the Cyber Security Act, 2016.

Objectives

To create awareness, support, and mobilize resources for education and training on security awareness training and the recent developments in cyber security, and in order to collect and share information on the current knowledge and practices available.

To measure and",99,52,0.5252525252525253,6.324821499723688,1.2676273926722297e-10,Watermarked,0.9999999998732373,82,0.5853658536585366,0.9135802469135802,0.41463414634146345,1.3129848992824555,0.5034376978874207,1.9718300104141235
12,No Watermark,,,,Discuss how content authenticity tools could reduce misinformation in online platforms.,"

Researching how content authenticity tools could reduce misinformation in online platforms.

The research by the Fintech Center at MIT and Harvard Research Institute of Technology (HRIT) collected real-world data and published it on the Internet.

The researchers found that content authenticity tools could reduce misinformation in online platforms and that misinformation related to content authenticity may be reduced.

“We identified content authenticity tools, which would enable researchers to analyze and improve content authenticity,” said Omar",99,32,0.32323232323232326,1.6827506742384124,0.04621168370527735,Human/Unwatermarked,0.0,76,0.6447368421052632,0.84,0.35526315789473684,,,
12,Fixed Delta 0.5,0.5,,,Discuss how content authenticity tools could reduce misinformation in online platforms.,"

Researching how content authenticity tools could reduce misinformation in online platforms.

The research by researchers at the University of California, Berkeley, and University of Michigan looked at how content authenticity tools might be used to detect and block fake news.

They found that the tools could be used to detect and block fake news by using the social media influencer-style technology used to create fake stories in order to collect more accurate information.

""In this situation, we believe that the material",99,41,0.41414141414141414,3.7716825457067866,8.107523404471492e-05,Human/Unwatermarked,0.0,82,0.6341463414634146,0.8271604938271605,0.36585365853658536,0.5,0.5,0.5
12,Fixed Delta 1.0,1.0,,,Discuss how content authenticity tools could reduce misinformation in online platforms.,"

Researching how content authenticity tools could reduce misinformation in online platforms.

By K. G.

(WiseGuy Media)

April 25, 2017

In this article, we will explore the tools and tools for tracking and controlling content authenticity in online platforms, among others.”

- K. G.

Being a content authenticity expert, I am well-versed in the strategies, strategies, and tools for tracking and controlling content authenticity in",99,46,0.46464646464646464,4.932200252078106,4.0654247701977057e-07,Watermarked,0.999999593457523,64,0.609375,0.7936507936507936,0.390625,1.0,1.0,1.0
12,Fixed Delta 2.0,2.0,,,Discuss how content authenticity tools could reduce misinformation in online platforms.,"

Researching how content authenticity tools could reduce misinformation in online platforms.

By KG Williams

Published May 19, 2017

Publicity is most important when it comes to avoiding fake news. The truth of the matter is the opposite of the truth. The truth of the matter is that a lot of the misinformation on social media is just based on fact.

In fact, well-known misinformation platforms like Facebook and Instagram have been regularly accused of spreading lies about the pand",99,57,0.5757575757575758,7.4853392060950075,3.5681289972117485e-14,Watermarked,0.9999999999999644,80,0.7125,0.8987341772151899,0.2875,2.0,2.0,2.0
12,Fixed Delta 3.0,3.0,,,Discuss how content authenticity tools could reduce misinformation in online platforms.," If this question comes up on your topic list, make sure to include us on your topic list. You'll be invited to submit questions to help inform our potential audience and answer your question. You'll be invited to email us any questions. You'll be invited to submit questions to help inform our potential audience and answer your question. You'll be invited to email us any questions. You'll be invited to email us any questions. You'll be invited to email us any questions. You'll be invited",99,89,0.898989898989899,14.912652526871447,1.3635017530772873e-50,Watermarked,1.0,85,0.32941176470588235,0.42857142857142855,0.6705882352941177,3.0,3.0,3.0
12,Adaptive Delta,adaptive,0.5,3.0,Discuss how content authenticity tools could reduce misinformation in online platforms.,"

Researching how content authenticity tools could reduce misinformation in online platforms.

By KG Williams, CEO, KHW and co-author

April 25, 2017

By KG Williams, CEO, KHW and co-author

By KG Williams, CEO, KHW’s Content-Industry Research and Analytics, John Anderson

Over the past ten years, content authenticity tools have grown in importance. The tools, which are now being adopted by",99,55,0.5555555555555556,7.021132123546479,1.100388069780592e-12,Watermarked,0.9999999999988997,63,0.6507936507936508,0.7903225806451613,0.3492063492063492,1.1096015936136245,0.5004050731658936,2.230468273162842
